Datum,Sn√∂djup
2014-01-01,0.0
2014-01-02,0.0013432835820895521
2014-01-03,0.0026865671641791047
2014-01-04,0.00014925373134328358
2014-01-05,0.0
2014-01-06,0.00014925373134328358
2014-01-07,0.003676470588235294
2014-01-08,0.0
2014-01-09,0.0
2014-01-10,0.012794117647058824
2014-01-11,0.02787878787878788
2014-01-12,0.050909090909090904
2014-01-13,0.07
2014-01-14,0.07895522388059702
2014-01-15,0.10786666666666667
2014-01-16,0.13484848484848486
2014-01-17,0.136
2014-01-18,0.136875
2014-01-19,0.13899999999999998
2014-01-20,0.13892307692307693
2014-01-21,0.13338461538461538
2014-01-22,0.12984615384615383
2014-01-23,0.12578125
2014-01-24,0.12584615384615383
2014-01-25,0.12396825396825398
2014-01-26,0.1207936507936508
2014-01-27,0.12936507936507938
2014-01-28,0.154375
2014-01-29,0.15969230769230772
2014-01-30,0.1703125
2014-01-31,0.18986666666666666
2014-02-01,0.2183076923076923
2014-02-02,0.19066666666666665
2014-02-03,0.14757575757575758
2014-02-04,0.12203125000000001
2014-02-05,0.10939393939393939
2014-02-06,0.11246153846153847
2014-02-07,0.09876923076923076
2014-02-08,0.07692307692307693
2014-02-09,0.06258064516129032
2014-02-10,0.05555555555555555
2014-02-11,0.04402777777777778
2014-02-12,0.044057971014492756
2014-02-13,0.04552238805970149
2014-02-14,0.05042857142857143
2014-02-15,0.038125
2014-02-16,0.04190476190476191
2014-02-17,0.042173913043478256
2014-02-18,0.032985074626865674
2014-02-19,0.034923076923076925
2014-02-20,0.06608695652173914
2014-02-21,0.0789041095890411
2014-02-22,0.06686567164179105
2014-02-23,0.044375
2014-02-24,0.02347826086956522
2014-02-25,0.020144927536231885
2014-02-26,0.016857142857142855
2014-02-27,0.020555555555555556
2014-02-28,0.015571428571428573
2014-03-01,0.017272727272727273
2014-03-02,0.0203125
2014-03-03,0.026865671641791045
2014-03-04,0.017499999999999998
2014-03-05,0.021515151515151515
2014-03-06,0.014545454545454547
2014-03-07,0.010447761194029851
2014-03-08,0.006666666666666667
2014-03-09,0.003064516129032258
2014-03-10,0.0013432835820895524
2014-03-11,0.0002898550724637681
2014-03-12,0.0
2014-03-13,0.0
2014-03-14,0.004179104477611941
2014-03-15,0.012058823529411764
2014-03-16,0.010158730158730159
2014-03-17,0.022535211267605635
2014-03-18,0.017857142857142856
2014-03-19,0.016029411764705882
2014-03-20,0.05436619718309859
2014-03-21,0.012898550724637681
2014-03-22,0.0012698412698412698
2014-03-23,0.0003225806451612903
2014-03-24,0.004090909090909091
2014-03-25,0.0038805970149253734
2014-03-26,0.0008823529411764706
2014-03-27,0.0007462686567164179
2014-03-28,0.0038805970149253734
2014-03-29,0.0
2014-03-30,0.0
2014-03-31,0.0
2014-04-01,0.00029850746268656717
2014-04-02,-0.0003076923076923077
2014-04-03,0.0
2014-04-04,0.0
2014-04-05,0.0
2014-04-06,0.0
2014-04-07,0.0
2014-04-08,0.0
2014-04-09,0.0036363636363636364
2014-04-10,0.0021212121212121214
2014-04-11,0.00015384615384615385
2014-04-12,0.0
2014-04-13,0.0
2014-04-14,0.0
2014-04-15,0.0
2014-04-16,0.0
2014-04-17,0.0
2014-04-18,0.0
2014-04-19,0.0
2014-04-20,0.0
2014-04-21,0.0
2014-04-22,0.0
2014-04-23,0.0
2014-04-24,0.0
2014-04-25,0.0
2014-04-26,0.0
2014-04-27,0.0
2014-04-28,0.0
2014-04-29,0.0
2014-04-30,0.0
2014-05-01,0.006500000000000001
2014-05-02,0.0
2014-05-03,0.0
2014-05-04,0.0
2014-05-05,0.0
2014-05-06,0.0
2014-05-07,0.0001639344262295082
2014-05-08,0.0014516129032258063
2014-05-09,0.0003125
2014-05-10,0.0
2014-05-11,0.0
2014-05-12,0.0
2014-05-13,0.0
2014-05-14,0.0
2014-05-15,0.0
2014-05-16,0.0
2014-05-17,0.0
2014-05-18,0.0
2014-05-19,0.0
2014-05-20,0.0
2014-05-21,0.0
2014-05-22,0.0
2014-05-23,0.0
2014-05-24,0.0
2014-05-25,0.0
2014-05-26,0.0
2014-05-27,0.0
2014-05-28,0.0
2014-05-29,0.0
2014-05-30,0.0
2014-05-31,0.0
2014-06-01,0.0
2014-06-02,0.0
2014-06-03,0.0
2014-06-04,0.0
2014-06-05,0.0
2014-06-06,0.0
2014-06-07,0.0
2014-06-08,0.0
2014-06-09,0.0
2014-06-10,0.0
2014-06-11,0.0
2014-06-12,0.0
2014-06-13,0.0
2014-06-14,0.0
2014-06-15,0.0
2014-06-16,0.0
2014-06-17,0.0
2014-06-18,0.0
2014-06-19,0.0
2014-06-20,0.0
2014-06-21,0.0
2014-06-22,0.0
2014-06-23,0.0
2014-06-24,0.0
2014-06-25,0.0
2014-06-26,0.0
2014-06-27,0.0
2014-06-28,0.0
2014-06-29,0.0
2014-06-30,0.0
2014-07-01,0.0
2014-07-02,0.0
2014-07-03,0.0
2014-07-04,0.0
2014-07-05,0.0
2014-07-06,0.0
2014-07-07,0.0
2014-07-08,0.0
2014-07-09,0.0
2014-07-10,0.0
2014-07-11,0.0
2014-07-12,0.0
2014-07-13,0.0
2014-07-14,0.0
2014-07-15,0.0
2014-07-16,0.0
2014-07-17,0.0
2014-07-18,0.0
2014-07-19,0.0
2014-07-20,0.0
2014-07-21,0.0
2014-07-22,0.0
2014-07-23,0.0
2014-07-24,0.0
2014-07-25,0.0
2014-07-26,0.0
2014-07-27,0.0
2014-07-28,0.0
2014-07-29,0.0
2014-07-30,0.0
2014-07-31,0.0
2014-08-01,0.0
2014-08-02,0.0
2014-08-03,0.0
2014-08-04,0.0
2014-08-05,0.0
2014-08-06,0.0
2014-08-07,0.0
2014-08-08,0.0
2014-08-09,0.0
2014-08-10,0.0
2014-08-11,0.0
2014-08-12,0.0
2014-08-13,0.0
2014-08-14,0.0
2014-08-15,0.0
2014-08-16,0.0
2014-08-17,0.0
2014-08-18,0.0
2014-08-19,0.0
2014-08-20,0.0
2014-08-21,0.0
2014-08-22,0.0
2014-08-23,0.0
2014-08-24,0.0
2014-08-25,0.0
2014-08-26,0.0
2014-08-27,0.0
2014-08-28,0.0
2014-08-29,0.0
2014-08-30,0.0
2014-08-31,0.0
2014-09-01,0.0
2014-09-02,0.0
2014-09-03,0.0
2014-09-04,0.0
2014-09-05,0.0
2014-09-06,0.0
2014-09-07,0.0
2014-09-08,0.0
2014-09-09,0.0
2014-09-10,0.0
2014-09-11,0.0
2014-09-12,0.0
2014-09-13,0.0
2014-09-14,0.0
2014-09-15,0.0
2014-09-16,0.0
2014-09-17,0.0
2014-09-18,0.0
2014-09-19,0.0
2014-09-20,0.0
2014-09-21,0.0
2014-09-22,0.0
2014-09-23,0.0
2014-09-24,0.0
2014-09-25,0.0
2014-09-26,0.0
2014-09-27,0.0
2014-09-28,0.0
2014-09-29,0.0
2014-09-30,0.0
2014-10-01,0.0
2014-10-02,0.0
2014-10-03,0.0
2014-10-04,0.0
2014-10-05,0.0
2014-10-06,0.0
2014-10-07,0.0
2014-10-08,0.0
2014-10-09,0.0
2014-10-10,0.0
2014-10-11,0.0
2014-10-12,0.0
2014-10-13,0.0
2014-10-14,0.0
2014-10-15,0.0
2014-10-16,0.0
2014-10-17,0.0
2014-10-18,0.0
2014-10-19,0.0
2014-10-20,0.0
2014-10-21,0.0
2014-10-22,0.0
2014-10-23,0.0
2014-10-24,0.0
2014-10-25,0.0
2014-10-26,0.0
2014-10-27,0.0
2014-10-28,0.0
2014-10-29,0.0
2014-10-30,0.0
2014-10-31,0.0
2014-11-01,0.0
2014-11-02,0.0
2014-11-03,0.0
2014-11-04,0.0
2014-11-05,0.0
2014-11-06,0.004
2014-11-07,0.0047619047619047615
2014-11-08,0.00037037037037037035
2014-11-09,0.0
2014-11-10,0.0
2014-11-11,0.0
2014-11-12,0.0
2014-11-13,0.0
2014-11-14,0.0
2014-11-15,0.0
2014-11-16,0.0
2014-11-17,0.0
2014-11-18,0.0
2014-11-19,0.0
2014-11-20,0.0001639344262295082
2014-11-21,0.0
2014-11-22,0.0
2014-11-23,0.0
2014-11-24,0.0
2014-11-25,0.0
2014-11-26,0.0
2014-11-27,0.0
2014-11-28,0.00017543859649122808
2014-11-29,0.00018867924528301886
2014-11-30,0.0010714285714285715
2014-12-01,0.00016666666666666666
2014-12-02,0.00015873015873015873
2014-12-03,0.00016129032258064516
2014-12-04,0.0
2014-12-05,0.0
2014-12-06,0.007090909090909091
2014-12-07,0.004482758620689655
2014-12-08,0.0
2014-12-09,0.0
2014-12-10,0.0006349206349206349
2014-12-11,0.00048387096774193554
2014-12-12,0.002923076923076923
2014-12-13,0.011500000000000002
2014-12-14,0.005166666666666667
2014-12-15,0.0005714285714285714
2014-12-16,0.0
2014-12-17,0.00203125
2014-12-18,0.0066129032258064515
2014-12-19,0.0021666666666666666
2014-12-20,0.002033898305084746
2014-12-21,0.0020689655172413794
2014-12-22,0.008688524590163935
2014-12-23,0.008
2014-12-24,0.008813559322033898
2014-12-25,0.012456140350877193
2014-12-26,0.012909090909090908
2014-12-27,0.045689655172413794
2014-12-28,0.04310344827586207
2014-12-29,0.04327272727272727
2014-12-30,0.05254237288135594
2014-12-31,0.03421875
2015-01-01,0.01435483870967742
2015-01-02,0.00078125
2015-01-03,0.0006666666666666666
2015-01-04,0.0006779661016949153
2015-01-05,0.002153846153846154
2015-01-06,0.0009523809523809524
2015-01-07,0.026307692307692306
2015-01-08,0.014714285714285714
2015-01-09,0.004328358208955224
2015-01-10,0.00870967741935484
2015-01-11,0.07866666666666666
2015-01-12,0.0890625
2015-01-13,0.0743939393939394
2015-01-14,0.06333333333333334
2015-01-15,0.06257142857142857
2015-01-16,0.06363636363636364
2015-01-17,0.04758620689655173
2015-01-18,0.045573770491803285
2015-01-19,0.047384615384615386
2015-01-20,0.07296875
2015-01-21,0.0980952380952381
2015-01-22,0.154375
2015-01-23,0.16285714285714287
2015-01-24,0.1568421052631579
2015-01-25,0.16
2015-01-26,0.1553225806451613
2015-01-27,0.1545
2015-01-28,0.13507936507936508
2015-01-29,0.10629032258064516
2015-01-30,0.11876923076923077
2015-01-31,0.14887096774193548
2015-02-01,0.19774193548387095
2015-02-02,0.24015873015873018
2015-02-03,0.27266666666666667
2015-02-04,0.2732786885245902
2015-02-05,0.28051724137931033
2015-02-06,0.27448275862068966
2015-02-07,0.24
2015-02-08,0.22362068965517243
2015-02-09,0.20683333333333334
2015-02-10,0.18015873015873016
2015-02-11,0.16793650793650794
2015-02-12,0.1560655737704918
2015-02-13,0.13714285714285715
2015-02-14,0.13683333333333333
2015-02-15,0.13328125
2015-02-16,0.12396825396825396
2015-02-17,0.12377049180327869
2015-02-18,0.11483870967741935
2015-02-19,0.07984375
2015-02-20,0.057499999999999996
2015-02-21,0.052333333333333336
2015-02-22,0.07096774193548387
2015-02-23,0.05246153846153846
2015-02-24,0.05615384615384615
2015-02-25,0.04867647058823529
2015-02-26,0.04984615384615385
2015-02-27,0.04212121212121212
2015-02-28,0.04287878787878788
2015-03-01,0.041578947368421056
2015-03-02,0.04229508196721311
2015-03-03,0.05065573770491803
2015-03-04,0.04032258064516129
2015-03-05,0.03966101694915254
2015-03-06,0.03328125
2015-03-07,0.03220338983050847
2015-03-08,0.022586206896551726
2015-03-09,0.01564516129032258
2015-03-10,0.01796875
2015-03-11,0.010655737704918034
2015-03-12,0.009516129032258066
2015-03-13,0.008688524590163935
2015-03-14,0.00896551724137931
2015-03-15,0.008360655737704918
2015-03-16,0.0066129032258064515
2015-03-17,0.006349206349206348
2015-03-18,0.006190476190476191
2015-03-19,0.006290322580645161
2015-03-20,0.006557377049180328
2015-03-21,0.029672131147540984
2015-03-22,0.020175438596491225
2015-03-23,0.008870967741935482
2015-03-24,0.006885245901639344
2015-03-25,0.009666666666666667
2015-03-26,0.005932203389830508
2015-03-27,0.016333333333333335
2015-03-28,0.012222222222222223
2015-03-29,0.010909090909090908
2015-03-30,0.018333333333333333
2015-03-31,0.008813559322033898
2015-04-01,0.010344827586206896
2015-04-02,0.009500000000000001
2015-04-03,0.008909090909090908
2015-04-04,0.008333333333333333
2015-04-05,0.0084
2015-04-06,0.007924528301886792
2015-04-07,0.0067857142857142855
2015-04-08,0.005714285714285714
2015-04-09,0.009655172413793102
2015-04-10,0.0043859649122807015
2015-04-11,0.003703703703703704
2015-04-12,0.003703703703703704
2015-04-13,0.003157894736842105
2015-04-14,0.002777777777777778
2015-04-15,0.0025
2015-04-16,0.0017857142857142859
2015-04-17,0.0012727272727272728
2015-04-18,0.0003773584905660377
2015-04-19,0.0
2015-04-20,0.0
2015-04-21,0.0
2015-04-22,0.0
2015-04-23,0.0
2015-04-24,0.0
2015-04-25,0.0
2015-04-26,0.0
2015-04-27,0.0
2015-04-28,0.0
2015-04-29,0.0
2015-04-30,0.0
2015-05-01,0.0
2015-05-02,0.0
2015-05-03,0.0
2015-05-04,0.0
2015-05-05,0.0
2015-05-06,0.0
2015-05-07,0.0
2015-05-08,0.0
2015-05-09,0.0
2015-05-10,0.0
2015-05-11,0.0
2015-05-12,0.0
2015-05-13,0.0
2015-05-14,0.0
2015-05-15,0.0
2015-05-16,0.0
2015-05-17,0.0
2015-05-18,0.0
2015-05-19,0.0
2015-05-20,0.0
2015-05-21,0.0
2015-05-22,0.0
2015-05-23,0.0
2015-05-24,0.0
2015-05-25,0.0
2015-05-26,0.0
2015-05-27,0.0
2015-05-28,0.0
2015-05-29,0.0
2015-05-30,0.0
2015-05-31,0.0
2015-06-01,0.0
2015-06-02,0.0
2015-06-03,0.0
2015-06-04,0.0
2015-06-05,0.0
2015-06-06,0.0
2015-06-07,0.0
2015-06-08,0.0
2015-06-09,0.0
2015-06-10,0.0
2015-06-11,0.0
2015-06-12,0.0
2015-06-13,0.0
2015-06-14,0.0
2015-06-15,0.0
2015-06-16,0.0
2015-06-17,0.0
2015-06-18,0.0
2015-06-19,0.0
2015-06-20,0.0
2015-06-21,0.0
2015-06-22,0.0
2015-06-23,0.0
2015-06-24,0.0
2015-06-25,0.0
2015-06-26,0.0
2015-06-27,0.0
2015-06-28,0.0
2015-06-29,0.0
2015-06-30,0.0
2015-07-01,0.0
2015-07-02,0.0
2015-07-03,0.0
2015-07-04,0.0
2015-07-05,0.0
2015-07-06,0.0
2015-07-07,0.0
2015-07-08,0.0
2015-07-09,0.0
2015-07-10,0.0
2015-07-11,0.0
2015-07-12,0.0
2015-07-13,0.0
2015-07-14,0.0
2015-07-15,0.0
2015-07-16,0.0
2015-07-17,0.0
2015-07-18,0.0
2015-07-19,0.0
2015-07-20,0.0
2015-07-21,0.0
2015-07-22,0.0
2015-07-23,0.0
2015-07-24,0.0
2015-07-25,0.0
2015-07-26,0.0
2015-07-27,0.0
2015-07-28,0.0
2015-07-29,0.0
2015-07-30,0.0
2015-07-31,0.0
2015-08-01,0.0
2015-08-02,0.0
2015-08-03,0.0
2015-08-04,0.0
2015-08-05,0.0
2015-08-06,0.0
2015-08-07,0.0
2015-08-08,0.0
2015-08-09,0.0
2015-08-10,0.0
2015-08-11,0.0
2015-08-12,0.0
2015-08-13,0.0
2015-08-14,0.0
2015-08-15,0.0
2015-08-16,0.0
2015-08-17,0.0
2015-08-18,0.0
2015-08-19,0.0
2015-08-20,0.0
2015-08-21,0.0
2015-08-22,0.0
2015-08-23,0.0
2015-08-24,0.0
2015-08-25,0.0
2015-08-26,0.0
2015-08-27,0.0
2015-08-28,0.0
2015-08-29,0.0
2015-08-30,0.0
2015-08-31,0.0
2015-09-01,0.0
2015-09-02,0.0
2015-09-03,0.0
2015-09-04,0.0
2015-09-05,0.0
2015-09-06,0.0
2015-09-07,0.0
2015-09-08,0.0
2015-09-09,0.0
2015-09-10,0.0
2015-09-11,0.0
2015-09-12,0.0
2015-09-13,0.0
2015-09-14,0.0
2015-09-15,0.0
2015-09-16,0.0
2015-09-17,0.0
2015-09-18,0.0
2015-09-19,0.0
2015-09-20,0.0
2015-09-21,0.0
2015-09-22,0.0
2015-09-23,0.0
2015-09-24,0.0
2015-09-25,0.0
2015-09-26,0.0
2015-09-27,0.0
2015-09-28,0.0
2015-09-29,0.0
2015-09-30,0.0
2015-10-01,0.0
2015-10-02,0.0
2015-10-03,0.0
2015-10-04,0.0
2015-10-05,0.0
2015-10-06,0.0
2015-10-07,0.0
2015-10-08,0.0
2015-10-09,0.0
2015-10-10,0.0
2015-10-11,0.0
2015-10-12,0.0
2015-10-13,0.0
2015-10-14,0.0
2015-10-15,0.0
2015-10-16,0.0
2015-10-17,0.0
2015-10-18,0.0
2015-10-19,0.0
2015-10-20,0.0
2015-10-21,0.0
2015-10-22,0.0
2015-10-23,0.0
2015-10-24,0.0
2015-10-25,0.0
2015-10-26,0.0
2015-10-27,0.0
2015-10-28,0.0
2015-10-29,0.0
2015-10-30,0.0
2015-10-31,0.0
2015-11-01,0.0
2015-11-02,0.0
2015-11-03,0.0
2015-11-04,0.0
2015-11-05,0.0
2015-11-06,0.0001639344262295082
2015-11-07,0.0
2015-11-08,0.0
2015-11-09,0.0
2015-11-10,0.0
2015-11-11,0.0
2015-11-12,0.0
2015-11-13,0.0
2015-11-14,0.0
2015-11-15,0.0
2015-11-16,0.0
2015-11-17,0.0005084745762711864
2015-11-18,0.0014035087719298247
2015-11-19,0.0005172413793103448
2015-11-20,0.0015
2015-11-21,0.0022641509433962265
2015-11-22,0.0019230769230769232
2015-11-23,0.001724137931034483
2015-11-24,0.001864406779661017
2015-11-25,0.00033898305084745765
2015-11-26,0.0001639344262295082
2015-11-27,0.0004918032786885246
2015-11-28,0.0
2015-11-29,0.0
2015-11-30,0.0134375
2015-12-01,0.00864406779661017
2015-12-02,0.007857142857142858
2015-12-03,0.0001639344262295082
2015-12-04,0.001
2015-12-05,0.0005263157894736842
2015-12-06,0.0
2015-12-07,0.0
2015-12-08,0.0
2015-12-09,-0.0003225806451612903
2015-12-10,0.0
2015-12-11,0.0
2015-12-12,0.0
2015-12-13,0.0
2015-12-14,0.0
2015-12-15,0.0
2015-12-16,0.0
2015-12-17,0.0008064516129032258
2015-12-18,0.0
2015-12-19,0.0
2015-12-20,0.0
2015-12-21,0.0
2015-12-22,0.0
2015-12-23,0.0
2015-12-24,0.0
2015-12-25,0.0
2015-12-26,0.0
2015-12-27,0.008113207547169812
2015-12-28,0.05033898305084746
2015-12-29,0.04362068965517242
2015-12-30,0.04258620689655173
2015-12-31,0.03983606557377049
2016-01-01,0.03627118644067797
2016-01-02,0.04350877192982456
2016-01-03,0.05736842105263158
2016-01-04,0.06220338983050847
2016-01-05,0.06661016949152543
2016-01-06,0.07410714285714286
2016-01-07,0.07660714285714286
2016-01-08,0.09275862068965517
2016-01-09,0.122
2016-01-10,0.16072727272727272
2016-01-11,0.16758064516129034
2016-01-12,0.15901639344262297
2016-01-13,0.16762711864406782
2016-01-14,0.1705263157894737
2016-01-15,0.16333333333333336
2016-01-16,0.16345454545454546
2016-01-17,0.16452830188679246
2016-01-18,0.16116666666666665
2016-01-19,0.18084745762711865
2016-01-20,0.18262295081967214
2016-01-21,0.17949152542372881
2016-01-22,0.18196428571428572
2016-01-23,0.17942307692307694
2016-01-24,0.1726923076923077
2016-01-25,0.1277777777777778
2016-01-26,0.07890625
2016-01-27,0.034375
2016-01-28,0.026000000000000002
2016-01-29,0.022166666666666668
2016-01-30,0.013000000000000001
2016-01-31,0.013898305084745764
2016-02-01,0.016875
2016-02-02,0.020967741935483872
2016-02-03,0.0190625
2016-02-04,0.01921875
2016-02-05,0.02140625
2016-02-06,0.020701754385964916
2016-02-07,0.011724137931034481
2016-02-08,0.008064516129032258
2016-02-09,0.004426229508196722
2016-02-10,0.006000000000000001
2016-02-11,0.014603174603174604
2016-02-12,0.016666666666666666
2016-02-13,0.03280701754385965
2016-02-14,0.04272727272727273
2016-02-15,0.0384375
2016-02-16,0.037796610169491526
2016-02-17,0.03474576271186441
2016-02-18,0.04389830508474576
2016-02-19,0.04344262295081967
2016-02-20,0.03872727272727273
2016-02-21,0.05775862068965518
2016-02-22,0.050491803278688525
2016-02-23,0.04114754098360656
2016-02-24,0.0385
2016-02-25,0.0353448275862069
2016-02-26,0.031864406779661014
2016-02-27,0.0343859649122807
2016-02-28,0.031578947368421054
2016-02-29,0.03109375
2016-03-01,0.029206349206349208
2016-03-02,0.029682539682539685
2016-03-03,0.05583333333333333
2016-03-04,0.06516666666666666
2016-03-05,0.0640677966101695
2016-03-06,0.06946428571428571
2016-03-07,0.11790322580645161
2016-03-08,0.12066666666666667
2016-03-09,0.11064516129032259
2016-03-10,0.09688524590163934
2016-03-11,0.0863157894736842
2016-03-12,0.07912280701754386
2016-03-13,0.07473684210526316
2016-03-14,0.06290322580645162
2016-03-15,0.04676923076923077
2016-03-16,0.028253968253968254
2016-03-17,0.02145161290322581
2016-03-18,0.014838709677419355
2016-03-19,0.012258064516129033
2016-03-20,0.009661016949152541
2016-03-21,0.00671875
2016-03-22,0.009047619047619047
2016-03-23,0.01111111111111111
2016-03-24,0.005079365079365079
2016-03-25,0.004576271186440679
2016-03-26,0.004464285714285714
2016-03-27,0.0036206896551724136
2016-03-28,0.0029508196721311475
2016-03-29,0.001791044776119403
2016-03-30,0.0013846153846153845
2016-03-31,0.0005970149253731343
2016-04-01,0.0011666666666666668
2016-04-02,0.0
2016-04-03,0.0
2016-04-04,0.0
2016-04-05,0.0
2016-04-06,0.0
2016-04-07,0.0
2016-04-08,0.0
2016-04-09,0.0
2016-04-10,0.0
2016-04-11,0.0
2016-04-12,0.0
2016-04-13,0.0
2016-04-14,0.0006349206349206349
2016-04-15,0.0
2016-04-16,0.0
2016-04-17,0.0
2016-04-18,0.0
2016-04-19,0.0
2016-04-20,0.0
2016-04-21,0.0
2016-04-22,0.0
2016-04-23,0.0
2016-04-24,0.0018181818181818182
2016-04-25,0.0
2016-04-26,0.0003225806451612903
2016-04-27,0.0
2016-04-28,0.0
2016-04-29,0.0003333333333333333
2016-04-30,0.0
2016-05-01,0.0
2016-05-02,0.0
2016-05-03,0.0
2016-05-04,0.0
2016-05-05,0.0
2016-05-06,0.0
2016-05-07,0.0
2016-05-08,0.0
2016-05-09,0.0
2016-05-10,0.0
2016-05-11,0.0
2016-05-12,0.0
2016-05-13,0.0
2016-05-14,0.0025490196078431374
2016-05-15,0.0004
2016-05-16,0.0
2016-05-17,0.0
2016-05-18,0.0
2016-05-19,0.0
2016-05-20,0.0
2016-05-21,0.0
2016-05-22,0.0
2016-05-23,0.0
2016-05-24,0.0
2016-05-25,0.0
2016-05-26,0.0
2016-05-27,0.0
2016-05-28,0.0
2016-05-29,0.0
2016-05-30,0.0
2016-05-31,0.0
2016-06-01,0.0
2016-06-02,0.0
2016-06-03,0.0
2016-06-04,0.0
2016-06-05,0.0
2016-06-06,0.0
2016-06-07,0.0
2016-06-08,0.0
2016-06-09,0.0
2016-06-10,0.0
2016-06-11,0.0
2016-06-12,0.0
2016-06-13,0.0
2016-06-14,0.0
2016-06-15,0.0
2016-06-16,0.0
2016-06-17,0.0
2016-06-18,0.0
2016-06-19,0.0
2016-06-20,0.0
2016-06-21,0.0
2016-06-22,0.0
2016-06-23,0.0
2016-06-24,0.0
2016-06-25,0.0
2016-06-26,0.0
2016-06-27,0.0
2016-06-28,0.0
2016-06-29,0.0
2016-06-30,0.0
2016-07-01,0.0
2016-07-02,0.0
2016-07-03,0.0
2016-07-04,0.0
2016-07-05,0.0
2016-07-06,0.0
2016-07-07,0.0
2016-07-08,0.0
2016-07-09,0.0
2016-07-10,0.0
2016-07-11,0.0
2016-07-12,0.0
2016-07-13,0.0
2016-07-14,0.0
2016-07-15,0.0
2016-07-16,0.0
2016-07-17,0.0
2016-07-18,0.0
2016-07-19,0.0
2016-07-20,0.0
2016-07-21,0.0
2016-07-22,0.0
2016-07-23,0.0
2016-07-24,0.0
2016-07-25,0.0
2016-07-26,0.0
2016-07-27,0.0
2016-07-28,0.0
2016-07-29,0.0
2016-07-30,0.0
2016-07-31,0.0
2016-08-01,0.0
2016-08-02,0.0
2016-08-03,0.0
2016-08-04,0.0
2016-08-05,0.0
2016-08-06,0.0
2016-08-07,0.0
2016-08-08,0.0
2016-08-09,0.0
2016-08-10,0.0
2016-08-11,0.0
2016-08-12,0.0
2016-08-13,0.0
2016-08-14,0.0
2016-08-15,0.0
2016-08-16,0.0
2016-08-17,0.0
2016-08-18,0.0
2016-08-19,0.0
2016-08-20,0.0
2016-08-21,0.0
2016-08-22,0.0
2016-08-23,0.0
2016-08-24,0.0
2016-08-25,0.0
2016-08-26,0.0
2016-08-27,0.0
2016-08-28,0.0
2016-08-29,0.0
2016-08-30,0.0
2016-08-31,0.0
2016-09-01,0.0
2016-09-02,0.0
2016-09-03,0.0
2016-09-04,0.0
2016-09-05,0.0
2016-09-06,0.0
2016-09-07,0.0
2016-09-08,0.0
2016-09-09,0.0
2016-09-10,0.0
2016-09-11,0.0
2016-09-12,0.0
2016-09-13,0.0
2016-09-14,0.0
2016-09-15,0.0
2016-09-16,0.0
2016-09-17,0.0
2016-09-18,0.0
2016-09-19,0.0
2016-09-20,0.0
2016-09-21,0.0
2016-09-22,0.0
2016-09-23,0.0
2016-09-24,0.0
2016-09-25,0.0
2016-09-26,0.0
2016-09-27,0.0
2016-09-28,0.0
2016-09-29,0.0
2016-09-30,0.0
2016-10-01,0.0
2016-10-02,0.0
2016-10-03,0.0
2016-10-04,0.0
2016-10-05,0.0
2016-10-06,0.0
2016-10-07,0.0
2016-10-08,0.0
2016-10-09,0.0
2016-10-10,0.0
2016-10-11,0.0
2016-10-12,0.0
2016-10-13,0.0
2016-10-14,0.0
2016-10-15,0.0
2016-10-16,0.0
2016-10-17,-0.0003278688524590164
2016-10-18,0.0
2016-10-19,0.0
2016-10-20,-0.0003333333333333333
2016-10-21,0.0
2016-10-22,0.0
2016-10-23,0.0
2016-10-24,0.0
2016-10-25,0.0
2016-10-26,0.0
2016-10-27,0.0
2016-10-28,0.0
2016-10-29,0.0
2016-10-30,0.0
2016-10-31,0.0
2016-11-01,0.004677419354838709
2016-11-02,0.017761194029850748
2016-11-03,0.018059701492537314
2016-11-04,0.019016393442622948
2016-11-05,0.015873015873015872
2016-11-06,0.026000000000000002
2016-11-07,0.045454545454545456
2016-11-08,0.0707936507936508
2016-11-09,0.09149253731343283
2016-11-10,0.10626865671641791
2016-11-11,0.09712121212121212
2016-11-12,0.09360655737704918
2016-11-13,0.07901639344262296
2016-11-14,0.052272727272727276
2016-11-15,0.022153846153846152
2016-11-16,0.014705882352941176
2016-11-17,0.006153846153846154
2016-11-18,0.005
2016-11-19,0.0036065573770491803
2016-11-20,0.002033898305084746
2016-11-21,0.0003076923076923077
2016-11-22,0.0
2016-11-23,0.0
2016-11-24,0.0
2016-11-25,0.00014705882352941178
2016-11-26,0.0
2016-11-27,0.0001639344262295082
2016-11-28,0.00681159420289855
2016-11-29,0.003076923076923077
2016-11-30,0.002285714285714286
2016-12-01,0.0018840579710144927
2016-12-02,0.012142857142857143
2016-12-03,0.01032258064516129
2016-12-04,0.010307692307692308
2016-12-05,0.005753424657534247
2016-12-06,0.0018840579710144927
2016-12-07,0.0013432835820895521
2016-12-08,0.00014925373134328358
2016-12-09,0.00014925373134328358
2016-12-10,0.005967741935483871
2016-12-11,0.03266666666666666
2016-12-12,0.04805970149253732
2016-12-13,0.0447887323943662
2016-12-14,0.035652173913043476
2016-12-15,0.03452054794520548
2016-12-16,0.03014705882352941
2016-12-17,0.029687500000000002
2016-12-18,0.02640625
2016-12-19,0.023382352941176472
2016-12-20,0.015882352941176472
2016-12-21,0.006461538461538462
2016-12-22,0.0035384615384615385
2016-12-23,0.0010606060606060607
2016-12-24,0.00046875
2016-12-25,0.00046875
2016-12-26,0.0003225806451612903
2016-12-27,0.0024242424242424242
2016-12-28,0.002769230769230769
2016-12-29,0.002121212121212121
2016-12-30,0.0009090909090909091
2016-12-31,0.0
2017-01-01,0.0
2017-01-02,0.00203125
2017-01-03,0.00196969696969697
2017-01-04,0.08328125
2017-01-05,0.08984615384615384
2017-01-06,0.086984126984127
2017-01-07,0.10921875
2017-01-08,0.10587301587301587
2017-01-09,0.07939393939393939
2017-01-10,0.04015151515151515
2017-01-11,0.030882352941176472
2017-01-12,0.049253731343283584
2017-01-13,0.0463768115942029
2017-01-14,0.0419672131147541
2017-01-15,0.04548387096774193
2017-01-16,0.04878787878787879
2017-01-17,0.04246153846153847
2017-01-18,0.040757575757575756
2017-01-19,0.03272727272727273
2017-01-20,0.028695652173913042
2017-01-21,0.0265625
2017-01-22,0.028095238095238097
2017-01-23,0.025671641791044777
2017-01-24,0.025441176470588234
2017-01-25,0.024999999999999998
2017-01-26,0.019090909090909092
2017-01-27,0.016
2017-01-28,0.01634920634920635
2017-01-29,0.01459016393442623
2017-01-30,0.020142857142857146
2017-01-31,0.014084507042253521
2017-02-01,0.014852941176470588
2017-02-02,0.013692307692307693
2017-02-03,0.01650793650793651
2017-02-04,0.016557377049180328
2017-02-05,0.02
2017-02-06,0.023333333333333334
2017-02-07,0.02725806451612903
2017-02-08,0.026451612903225806
2017-02-09,0.0275
2017-02-10,0.024761904761904763
2017-02-11,0.027903225806451614
2017-02-12,0.027096774193548386
2017-02-13,0.025396825396825397
2017-02-14,0.02107692307692308
2017-02-15,0.018235294117647058
2017-02-16,0.016153846153846154
2017-02-17,0.014090909090909091
2017-02-18,0.012666666666666666
2017-02-19,0.01278688524590164
2017-02-20,0.011093750000000001
2017-02-21,0.034492753623188405
2017-02-22,0.055820895522388066
2017-02-23,0.049999999999999996
2017-02-24,0.0475
2017-02-25,0.04693548387096774
2017-02-26,0.0626984126984127
2017-02-27,0.05393939393939394
2017-02-28,0.03514705882352941
2017-03-01,0.02955882352941177
2017-03-02,0.02088235294117647
2017-03-03,0.02298507462686567
2017-03-04,0.0290625
2017-03-05,0.04370967741935484
2017-03-06,0.07904761904761906
2017-03-07,0.07250000000000001
2017-03-08,0.10196969696969697
2017-03-09,0.09507462686567164
2017-03-10,0.03873239436619718
2017-03-11,0.030625
2017-03-12,0.025555555555555554
2017-03-13,0.025072463768115942
2017-03-14,0.01606060606060606
2017-03-15,0.014366197183098593
2017-03-16,0.012647058823529412
2017-03-17,0.009117647058823529
2017-03-18,0.005806451612903225
2017-03-19,0.0064516129032258064
2017-03-20,0.005970149253731343
2017-03-21,0.015
2017-03-22,0.006865671641791045
2017-03-23,0.005671641791044776
2017-03-24,0.005384615384615384
2017-03-25,0.004761904761904762
2017-03-26,0.0045312500000000006
2017-03-27,0.0022058823529411764
2017-03-28,0.0017391304347826085
2017-03-29,0.0016417910447761193
2017-03-30,0.0014705882352941176
2017-03-31,0.003787878787878788
2017-04-01,0.0016949152542372883
2017-04-02,0.0
2017-04-03,0.0007462686567164179
2017-04-04,0.0
2017-04-05,0.0
2017-04-06,0.0
2017-04-07,0.0
2017-04-08,0.0
2017-04-09,0.0
2017-04-10,0.0
2017-04-11,0.0
2017-04-12,0.0005970149253731343
2017-04-13,0.0006153846153846154
2017-04-14,0.021147540983606557
2017-04-15,0.03209677419354839
2017-04-16,0.014576271186440677
2017-04-17,0.006833333333333334
2017-04-18,0.004545454545454545
2017-04-19,0.00125
2017-04-20,0.0
2017-04-21,0.0
2017-04-22,0.00016129032258064516
2017-04-23,0.0
2017-04-24,0.0
2017-04-25,0.016307692307692308
2017-04-26,0.0048484848484848485
2017-04-27,0.0021875
2017-04-28,0.0029032258064516127
2017-04-29,0.0
2017-04-30,0.0
2017-05-01,0.0
2017-05-02,0.0
2017-05-03,0.0
2017-05-04,0.0
2017-05-05,0.0
2017-05-06,0.0
2017-05-07,0.0
2017-05-08,0.0
2017-05-09,0.0001724137931034483
2017-05-10,0.0
2017-05-11,0.000819672131147541
2017-05-12,0.0
2017-05-13,0.0
2017-05-14,0.0
2017-05-15,0.0
2017-05-16,0.0
2017-05-17,0.0
2017-05-18,0.0
2017-05-19,0.0
2017-05-20,0.0
2017-05-21,0.0
2017-05-22,0.0
2017-05-23,0.0
2017-05-24,0.0
2017-05-25,0.0
2017-05-26,0.0
2017-05-27,0.0
2017-05-28,0.0
2017-05-29,0.0
2017-05-30,0.0
2017-05-31,0.0
2017-06-01,0.0
2017-06-02,0.0
2017-06-03,0.0
2017-06-04,0.0
2017-06-05,0.0
2017-06-06,0.0
2017-06-07,0.0
2017-06-08,0.0
2017-06-09,0.0
2017-06-10,0.0
2017-06-11,0.0
2017-06-12,0.0
2017-06-13,0.0
2017-06-14,0.0
2017-06-15,0.0
2017-06-16,0.0
2017-06-17,0.0
2017-06-18,0.0
2017-06-19,0.0
2017-06-20,0.0
2017-06-21,0.0
2017-06-22,0.0
2017-06-23,0.0
2017-06-24,0.0
2017-06-25,0.0
2017-06-26,0.0
2017-06-27,0.0
2017-06-28,0.0
2017-06-29,0.0
2017-06-30,0.0
2017-07-01,0.0
2017-07-02,0.0
2017-07-03,0.0
2017-07-04,0.0
2017-07-05,0.0
2017-07-06,0.0
2017-07-07,0.0
2017-07-08,0.0
2017-07-09,0.0
2017-07-10,0.0
2017-07-11,0.0
2017-07-12,0.0
2017-07-13,0.0
2017-07-14,0.0
2017-07-15,0.0
2017-07-16,0.0
2017-07-17,0.0
2017-07-18,0.0
2017-07-19,0.0
2017-07-20,0.0
2017-07-21,0.0
2017-07-22,0.0
2017-07-23,0.0
2017-07-24,0.0
2017-07-25,0.0
2017-07-26,0.0
2017-07-27,0.0
2017-07-28,0.0
2017-07-29,0.0
2017-07-30,0.0
2017-07-31,0.0
2017-08-01,0.0
2017-08-02,0.0
2017-08-03,0.0
2017-08-04,0.0
2017-08-05,0.0
2017-08-06,0.0
2017-08-07,0.0
2017-08-08,0.0
2017-08-09,0.0
2017-08-10,0.0
2017-08-11,0.0
2017-08-12,0.0
2017-08-13,0.0
2017-08-14,0.0
2017-08-15,0.0
2017-08-16,0.0
2017-08-17,0.0
2017-08-18,0.0
2017-08-19,0.0
2017-08-20,0.0
2017-08-21,0.0
2017-08-22,0.0
2017-08-23,0.0
2017-08-24,0.0
2017-08-25,0.0
2017-08-26,0.0
2017-08-27,0.0
2017-08-28,0.0
2017-08-29,0.0
2017-08-30,0.0
2017-08-31,0.0
2017-09-01,0.0
2017-09-02,0.0
2017-09-03,0.0
2017-09-04,0.0
2017-09-05,0.0
2017-09-06,0.0
2017-09-07,0.0
2017-09-08,0.0
2017-09-09,0.0
2017-09-10,0.0
2017-09-11,0.0
2017-09-12,0.0
2017-09-13,0.0
2017-09-14,0.0
2017-09-15,0.0
2017-09-16,0.0
2017-09-17,0.0
2017-09-18,0.0
2017-09-19,0.0
2017-09-20,0.0
2017-09-21,0.0
2017-09-22,0.0
2017-09-23,0.0
2017-09-24,0.0
2017-09-25,0.0
2017-09-26,0.0
2017-09-27,0.0
2017-09-28,0.0
2017-09-29,0.0
2017-09-30,0.0
2017-10-01,0.0
2017-10-02,0.0
2017-10-03,0.0
2017-10-04,0.0
2017-10-05,0.0
2017-10-06,0.0
2017-10-07,0.0
2017-10-08,0.0
2017-10-09,0.0
2017-10-10,0.0
2017-10-11,0.0
2017-10-12,0.0
2017-10-13,0.0
2017-10-14,0.0
2017-10-15,0.0
2017-10-16,0.0
2017-10-17,0.0
2017-10-18,0.0
2017-10-19,0.0
2017-10-20,0.0
2017-10-21,0.0
2017-10-22,0.0
2017-10-23,0.0
2017-10-24,0.0
2017-10-25,0.0
2017-10-26,0.0
2017-10-27,0.0
2017-10-28,0.0
2017-10-29,0.0
2017-10-30,0.0
2017-10-31,0.0
2017-11-01,0.0
2017-11-02,0.0
2017-11-03,0.0
2017-11-04,0.0
2017-11-05,0.0
2017-11-06,0.0
2017-11-07,0.0
2017-11-08,0.0
2017-11-09,0.0
2017-11-10,0.0
2017-11-11,0.0012307692307692308
2017-11-12,0.006060606060606061
2017-11-13,0.005441176470588235
2017-11-14,0.005454545454545454
2017-11-15,0.005
2017-11-16,0.00393939393939394
2017-11-17,0.0011940298507462687
2017-11-18,0.00016666666666666666
2017-11-19,0.004677419354838709
2017-11-20,0.01546875
2017-11-21,0.01640625
2017-11-22,0.018676470588235294
2017-11-23,0.011304347826086957
2017-11-24,0.00043478260869565214
2017-11-25,0.00031746031746031746
2017-11-26,0.0004838709677419355
2017-11-27,0.0012121212121212121
2017-11-28,0.005384615384615384
2017-11-29,0.02298507462686567
2017-11-30,0.036470588235294116
2017-12-01,0.034788732394366195
2017-12-02,0.0325
2017-12-03,0.0245
2017-12-04,0.025223880597014924
2017-12-05,0.025797101449275363
2017-12-06,0.025230769230769234
2017-12-07,0.0353030303030303
2017-12-08,0.012575757575757577
2017-12-09,0.012063492063492064
2017-12-10,0.01540983606557377
2017-12-11,0.031
2017-12-12,0.07014705882352942
2017-12-13,0.06857142857142857
2017-12-14,0.0625
2017-12-15,0.06852941176470588
2017-12-16,0.07650793650793651
2017-12-17,0.08921875
2017-12-18,0.08217391304347826
2017-12-19,0.06707692307692308
2017-12-20,0.06171875
2017-12-21,0.04046153846153846
2017-12-22,0.035
2017-12-23,0.026724137931034484
2017-12-24,0.02180327868852459
2017-12-25,0.01901639344262295
2017-12-26,0.023278688524590162
2017-12-27,0.03
2017-12-28,0.031406250000000004
2017-12-29,0.032459016393442626
2017-12-30,0.034032258064516124
2017-12-31,0.04253731343283582
2018-01-01,0.05555555555555555
2018-01-02,0.046764705882352944
2018-01-03,0.042727272727272725
2018-01-04,0.040615384615384616
2018-01-05,0.05348484848484848
2018-01-06,0.0525
2018-01-07,0.042222222222222223
2018-01-08,0.04753623188405797
2018-01-09,0.04652173913043478
2018-01-10,0.04594202898550725
2018-01-11,0.04441176470588235
2018-01-12,0.04701492537313433
2018-01-13,0.05109375
2018-01-14,0.0503125
2018-01-15,0.051884057971014495
2018-01-16,0.07328358208955224
2018-01-17,0.12228571428571429
2018-01-18,0.14835820895522386
2018-01-19,0.16671641791044775
2018-01-20,0.16419354838709677
2018-01-21,0.15634920634920635
2018-01-22,0.1576923076923077
2018-01-23,0.156984126984127
2018-01-24,0.16588235294117645
2018-01-25,0.0823943661971831
2018-01-26,0.07397058823529412
2018-01-27,0.06292307692307691
2018-01-28,0.08129032258064516
2018-01-29,0.07897058823529413
2018-01-30,0.11104477611940299
2018-01-31,0.1047945205479452
2018-02-01,0.11788732394366196
2018-02-02,0.13850746268656716
2018-02-03,0.17688524590163937
2018-02-04,0.19301587301587303
2018-02-05,0.19043478260869567
2018-02-06,0.1798507462686567
2018-02-07,0.18705882352941178
2018-02-08,0.1818840579710145
2018-02-09,0.1711764705882353
2018-02-10,0.176984126984127
2018-02-11,0.17234375
2018-02-12,0.1827536231884058
2018-02-13,0.18880597014925374
2018-02-14,0.16895522388059703
2018-02-15,0.16783783783783784
2018-02-16,0.19115942028985505
2018-02-17,0.20031746031746034
2018-02-18,0.19265625
2018-02-19,0.23
2018-02-20,0.22676923076923078
2018-02-21,0.23507462686567165
2018-02-22,0.24029411764705882
2018-02-23,0.24061538461538462
2018-02-24,0.23953125
2018-02-25,0.24682539682539684
2018-02-26,0.24814285714285716
2018-02-27,0.26235294117647057
2018-02-28,0.2756338028169014
2018-03-01,0.2636764705882353
2018-03-02,0.2549253731343284
2018-03-03,0.25016129032258067
2018-03-04,0.25396825396825395
2018-03-05,0.25220588235294117
2018-03-06,0.27602941176470586
2018-03-07,0.2694029850746269
2018-03-08,0.2592424242424242
2018-03-09,0.28893939393939394
2018-03-10,0.29147540983606557
2018-03-11,0.28650000000000003
2018-03-12,0.27338235294117647
2018-03-13,0.2382857142857143
2018-03-14,0.2236764705882353
2018-03-15,0.22140845070422535
2018-03-16,0.21705882352941175
2018-03-17,0.21936507936507937
2018-03-18,0.225
2018-03-19,0.21707692307692306
2018-03-20,0.20955223880597015
2018-03-21,0.19223880597014928
2018-03-22,0.18205882352941177
2018-03-23,0.1668181818181818
2018-03-24,0.15333333333333335
2018-03-25,0.1440983606557377
2018-03-26,0.12283582089552239
2018-03-27,0.12454545454545456
2018-03-28,0.12681818181818183
2018-03-29,0.13582089552238805
2018-03-30,0.13171875
2018-03-31,0.12953846153846155
2018-04-01,0.109
2018-04-02,0.11147540983606558
2018-04-03,0.09818181818181818
2018-04-04,0.091044776119403
2018-04-05,0.08750000000000001
2018-04-06,0.08800000000000001
2018-04-07,0.06967213114754098
2018-04-08,0.0619672131147541
2018-04-09,0.06014705882352941
2018-04-10,0.06731343283582089
2018-04-11,0.05492307692307692
2018-04-12,0.057352941176470586
2018-04-13,0.05484848484848485
2018-04-14,0.04126984126984127
2018-04-15,0.03359375
2018-04-16,0.03115942028985507
2018-04-17,0.025857142857142856
2018-04-18,0.017183098591549296
2018-04-19,0.016176470588235296
2018-04-20,0.005
2018-04-21,0.004615384615384615
2018-04-22,0.0038461538461538464
2018-04-23,0.004782608695652174
2018-04-24,0.0015151515151515152
2018-04-25,0.0015625
2018-04-26,0.0
2018-04-27,0.0
2018-04-28,0.0
2018-04-29,0.0
2018-04-30,0.0
2018-05-01,0.0
2018-05-02,0.0
2018-05-03,0.0
2018-05-04,0.0
2018-05-05,0.0
2018-05-06,0.0
2018-05-07,0.0
2018-05-08,0.0
2018-05-09,0.0
2018-05-10,0.0
2018-05-11,0.0
2018-05-12,0.0
2018-05-13,0.0
2018-05-14,0.0
2018-05-15,0.0
2018-05-16,0.0
2018-05-17,0.0
2018-05-18,0.0
2018-05-19,0.0
2018-05-20,0.0
2018-05-21,0.0
2018-05-22,0.0
2018-05-23,0.0
2018-05-24,0.0
2018-05-25,0.0
2018-05-26,0.0
2018-05-27,0.0
2018-05-28,0.0
2018-05-29,0.0
2018-05-30,0.0
2018-05-31,0.0
2018-06-01,0.0
2018-06-02,0.0
2018-06-03,0.0
2018-06-04,0.0
2018-06-05,0.0
2018-06-06,0.0
2018-06-07,0.0
2018-06-08,0.0
2018-06-09,0.0
2018-06-10,0.0
2018-06-11,0.0
2018-06-12,0.0
2018-06-13,0.0
2018-06-14,0.0
2018-06-15,0.0
2018-06-16,0.0
2018-06-17,0.0
2018-06-18,0.0
2018-06-19,0.0
2018-06-20,0.0
2018-06-21,0.0
2018-06-22,0.0
2018-06-23,0.0
2018-06-24,0.0
2018-06-25,0.0
2018-06-26,0.0
2018-06-27,0.0
2018-06-28,0.0
2018-06-29,0.0
2018-06-30,0.0
2018-07-01,0.0
2018-07-02,0.0
2018-07-03,0.0
2018-07-04,0.0
2018-07-05,0.0
2018-07-06,0.0
2018-07-07,0.0
2018-07-08,0.0
2018-07-09,0.0
2018-07-10,0.0
2018-07-11,0.0
2018-07-12,0.0
2018-07-13,0.0
2018-07-14,0.0
2018-07-15,0.0
2018-07-16,0.0
2018-07-17,0.0
2018-07-18,0.0
2018-07-19,0.0
2018-07-20,0.0
2018-07-21,0.0
2018-07-22,0.0
2018-07-23,0.0
2018-07-24,0.0
2018-07-25,0.0
2018-07-26,0.0
2018-07-27,0.0
2018-07-28,0.0
2018-07-29,0.0
2018-07-30,0.0
2018-07-31,0.0
2018-08-01,0.0
2018-08-02,0.0
2018-08-03,0.0
2018-08-04,0.0
2018-08-05,0.0
2018-08-06,0.0
2018-08-07,0.0
2018-08-08,0.0
2018-08-09,0.0
2018-08-10,0.0
2018-08-11,0.0
2018-08-12,0.0
2018-08-13,0.0
2018-08-14,0.0
2018-08-15,0.0
2018-08-16,0.0
2018-08-17,0.0
2018-08-18,0.0
2018-08-19,0.0
2018-08-20,0.0
2018-08-21,0.0
2018-08-22,0.0
2018-08-23,0.0
2018-08-24,0.0
2018-08-25,0.0
2018-08-26,0.0
2018-08-27,0.0
2018-08-28,0.0
2018-08-29,0.0
2018-08-30,0.0
2018-08-31,0.0
2018-09-01,0.0
2018-09-02,0.0
2018-09-03,0.0
2018-09-04,0.0
2018-09-05,0.0
2018-09-06,0.0
2018-09-07,0.0
2018-09-08,0.0
2018-09-09,0.0
2018-09-10,0.0
2018-09-11,0.0
2018-09-12,0.0
2018-09-13,0.0
2018-09-14,0.0
2018-09-15,0.0
2018-09-16,0.0
2018-09-17,0.0
2018-09-18,0.0
2018-09-19,0.0
2018-09-20,0.0
2018-09-21,0.0
2018-09-22,0.0
2018-09-23,0.0
2018-09-24,0.0
2018-09-25,0.0
2018-09-26,0.0
2018-09-27,0.0
2018-09-28,0.0
2018-09-29,0.0
2018-09-30,0.0
2018-10-01,0.0
2018-10-02,0.0
2018-10-03,0.0
2018-10-04,0.0
2018-10-05,0.0
2018-10-06,0.0
2018-10-07,0.0
2018-10-08,0.0
2018-10-09,0.0
2018-10-10,0.0
2018-10-11,0.0
2018-10-12,0.0
2018-10-13,0.0
2018-10-14,0.0
2018-10-15,0.0
2018-10-16,0.0
2018-10-17,0.0
2018-10-18,0.0
2018-10-19,0.0
2018-10-20,0.0
2018-10-21,0.0
2018-10-22,0.0
2018-10-23,0.0
2018-10-24,0.0
2018-10-25,0.0
2018-10-26,0.0
2018-10-27,0.01267857142857143
2018-10-28,0.007962962962962963
2018-10-29,0.0067741935483870966
2018-10-30,0.010483870967741936
2018-10-31,0.0
2018-11-01,0.0
2018-11-02,0.0
2018-11-03,0.0
2018-11-04,0.0
2018-11-05,0.0
2018-11-06,0.0
2018-11-07,0.0
2018-11-08,0.0
2018-11-09,0.0
2018-11-10,0.0
2018-11-11,0.0
2018-11-12,0.0
2018-11-13,0.0
2018-11-14,0.0
2018-11-15,0.0
2018-11-16,0.0
2018-11-17,0.0
2018-11-18,0.0
2018-11-19,0.0
2018-11-20,0.0
2018-11-21,0.00016129032258064516
2018-11-22,0.0
2018-11-23,0.0
2018-11-24,0.0004838709677419355
2018-11-25,0.000819672131147541
2018-11-26,0.0007692307692307692
2018-11-27,0.00078125
2018-11-28,0.0007575757575757576
2018-11-29,0.0009375
2018-11-30,0.00047619047619047624
2018-12-01,0.0
2018-12-02,0.0
2018-12-03,0.00016129032258064516
2018-12-04,0.0
2018-12-05,0.00031746031746031746
2018-12-06,0.0003225806451612903
2018-12-07,0.009375
2018-12-08,0.012105263157894735
2018-12-09,0.014655172413793103
2018-12-10,0.013650793650793651
2018-12-11,0.016031746031746032
2018-12-12,0.0153125
2018-12-13,0.01707692307692308
2018-12-14,0.018923076923076924
2018-12-15,0.018666666666666665
2018-12-16,0.019166666666666665
2018-12-17,0.05830769230769231
2018-12-18,0.0582258064516129
2018-12-19,0.05650793650793651
2018-12-20,0.04359375
2018-12-21,0.04380952380952381
2018-12-22,0.046129032258064515
2018-12-23,0.04950819672131147
2018-12-24,0.043666666666666666
2018-12-25,0.038688524590163934
2018-12-26,0.039344262295081964
2018-12-27,0.03158730158730159
2018-12-28,0.029206349206349208
2018-12-29,0.0275
2018-12-30,0.024603174603174603
2018-12-31,0.028870967741935486
2019-01-01,0.02
2019-01-02,0.01796875
2019-01-03,0.020303030303030305
2019-01-04,0.019393939393939394
2019-01-05,0.01694915254237288
2019-01-06,0.016166666666666666
2019-01-07,0.014918032786885246
2019-01-08,0.03571428571428571
2019-01-09,0.06296875
2019-01-10,0.059402985074626866
2019-01-11,0.04661538461538462
2019-01-12,0.045081967213114756
2019-01-13,0.04383333333333333
2019-01-14,0.04892307692307692
2019-01-15,0.049545454545454545
2019-01-16,0.0567741935483871
2019-01-17,0.07307692307692308
2019-01-18,0.06693548387096775
2019-01-19,0.06950819672131148
2019-01-20,0.07101694915254236
2019-01-21,0.07578125
2019-01-22,0.07714285714285715
2019-01-23,0.0784126984126984
2019-01-24,0.07868852459016393
2019-01-25,0.07890625
2019-01-26,0.09583333333333334
2019-01-27,0.09966666666666665
2019-01-28,0.16174603174603175
2019-01-29,0.17734375
2019-01-30,0.18327868852459017
2019-01-31,0.17857142857142858
2019-02-01,0.18935483870967743
2019-02-02,0.22224137931034485
2019-02-03,0.26745762711864407
2019-02-04,0.27046875
2019-02-05,0.2690625
2019-02-06,0.2459375
2019-02-07,0.23885245901639346
2019-02-08,0.20609375
2019-02-09,0.1669491525423729
2019-02-10,0.11580645161290322
2019-02-11,0.10212121212121213
2019-02-12,0.09444444444444444
2019-02-13,0.08522388059701493
2019-02-14,0.07567164179104478
2019-02-15,0.07768115942028986
2019-02-16,0.0621875
2019-02-17,0.05828125
2019-02-18,0.05970588235294117
2019-02-19,0.04666666666666667
2019-02-20,0.039696969696969696
2019-02-21,0.04983870967741935
2019-02-22,0.06953125
2019-02-23,0.05758620689655172
2019-02-24,0.04583333333333333
2019-02-25,0.035312500000000004
2019-02-26,0.03234375
2019-02-27,0.029242424242424243
2019-02-28,0.030303030303030304
2019-03-01,0.0284375
2019-03-02,0.025666666666666667
2019-03-03,0.031311475409836066
2019-03-04,0.05253731343283582
2019-03-05,0.0556060606060606
2019-03-06,0.06328125
2019-03-07,0.05666666666666667
2019-03-08,0.04215384615384616
2019-03-09,0.049206349206349205
2019-03-10,0.05126984126984127
2019-03-11,0.041875
2019-03-12,0.05242424242424242
2019-03-13,0.06941176470588235
2019-03-14,0.0617910447761194
2019-03-15,0.04588235294117647
2019-03-16,0.04918032786885246
2019-03-17,0.05508474576271186
2019-03-18,0.06246153846153846
2019-03-19,0.05046153846153847
2019-03-20,0.0596923076923077
2019-03-21,0.04515625
2019-03-22,0.04
2019-03-23,0.03344262295081967
2019-03-24,0.02280701754385965
2019-03-25,0.03095238095238095
2019-03-26,0.02174603174603175
2019-03-27,0.020317460317460317
2019-03-28,0.02640625
2019-03-29,0.013387096774193547
2019-03-30,0.008983050847457628
2019-03-31,0.005789473684210527
2019-04-01,0.011846153846153847
2019-04-02,0.00484375
2019-04-03,0.004838709677419355
2019-04-04,0.0044444444444444444
2019-04-05,0.00421875
2019-04-06,0.013548387096774193
2019-04-07,0.0023728813559322037
2019-04-08,0.0
2019-04-09,0.012222222222222223
2019-04-10,0.005396825396825396
2019-04-11,0.00453125
2019-04-12,0.004307692307692308
2019-04-13,0.00459016393442623
2019-04-14,0.004098360655737705
2019-04-15,0.003384615384615385
2019-04-16,0.003125
2019-04-17,0.00234375
2019-04-18,0.0015625
2019-04-19,0.0
2019-04-20,0.0
2019-04-21,0.0
2019-04-22,0.00015873015873015873
2019-04-23,0.00014925373134328358
2019-04-24,0.00015151515151515152
2019-04-25,0.0
2019-04-26,0.0
2019-04-27,0.0
2019-04-28,0.0
2019-04-29,0.0
2019-04-30,0.0
2019-05-01,0.0
2019-05-02,0.0
2019-05-03,0.00016666666666666666
2019-05-04,0.001851851851851852
2019-05-05,0.0002
2019-05-06,0.0
2019-05-07,0.0
2019-05-08,0.0
2019-05-09,0.0
2019-05-10,0.0
2019-05-11,0.0
2019-05-12,0.0
2019-05-13,0.0
2019-05-14,0.0
2019-05-15,0.0
2019-05-16,0.0
2019-05-17,0.0
2019-05-18,0.0
2019-05-19,0.0
2019-05-20,0.0
2019-05-21,0.0
2019-05-22,0.0
2019-05-23,0.0
2019-05-24,0.0
2019-05-25,0.0
2019-05-26,0.0
2019-05-27,0.0
2019-05-28,0.0
2019-05-29,0.0
2019-05-30,0.0
2019-05-31,0.0
2019-06-01,0.0
2019-06-02,0.0
2019-06-03,0.0
2019-06-04,0.0
2019-06-05,0.0
2019-06-06,0.0
2019-06-07,0.0
2019-06-08,0.0
2019-06-09,0.0
2019-06-10,0.0
2019-06-11,0.0
2019-06-12,0.0
2019-06-13,0.0
2019-06-14,0.0
2019-06-15,0.0
2019-06-16,0.0
2019-06-17,0.0
2019-06-18,0.0
2019-06-19,0.0
2019-06-20,0.0
2019-06-21,0.0
2019-06-22,0.0
2019-06-23,0.0
2019-06-24,0.0
2019-06-25,0.0
2019-06-26,0.0
2019-06-27,0.0
2019-06-28,0.0
2019-06-29,0.0
2019-06-30,0.0
2019-07-01,0.0
2019-07-02,0.0
2019-07-03,0.0
2019-07-04,0.0
2019-07-05,0.0
2019-07-06,0.0
2019-07-07,0.0
2019-07-08,0.0
2019-07-09,0.0
2019-07-10,0.0
2019-07-11,0.0
2019-07-12,0.0
2019-07-13,0.0
2019-07-14,0.0
2019-07-15,0.0
2019-07-16,0.0
2019-07-17,0.0
2019-07-18,0.0
2019-07-19,0.0
2019-07-20,0.0
2019-07-21,0.0
2019-07-22,0.0
2019-07-23,0.0
2019-07-24,0.0
2019-07-25,0.0
2019-07-26,0.0
2019-07-27,0.0
2019-07-28,0.0
2019-07-29,0.0
2019-07-30,0.0
2019-07-31,0.0
2019-08-01,0.0
2019-08-02,0.0
2019-08-03,0.0
2019-08-04,0.0
2019-08-05,0.0
2019-08-06,0.0
2019-08-07,0.0
2019-08-08,0.0
2019-08-09,0.0
2019-08-10,0.0
2019-08-11,0.0
2019-08-12,0.0
2019-08-13,0.0
2019-08-14,0.0
2019-08-15,0.0
2019-08-16,0.0
2019-08-17,0.0
2019-08-18,0.0
2019-08-19,0.0
2019-08-20,0.0
2019-08-21,0.0
2019-08-22,0.0
2019-08-23,0.0
2019-08-24,0.0
2019-08-25,0.0
2019-08-26,0.0
2019-08-27,0.0
2019-08-28,0.0
2019-08-29,0.0
2019-08-30,0.0
2019-08-31,0.0
2019-09-01,0.0
2019-09-02,0.0
2019-09-03,0.0
2019-09-04,0.0
2019-09-05,0.0
2019-09-06,0.0
2019-09-07,0.0
2019-09-08,0.0
2019-09-09,0.0
2019-09-10,0.0
2019-09-11,0.0
2019-09-12,0.0
2019-09-13,0.0
2019-09-14,0.0
2019-09-15,0.0
2019-09-16,0.0
2019-09-17,0.0
2019-09-18,0.0
2019-09-19,0.0
2019-09-20,0.0
2019-09-21,0.0
2019-09-22,0.0
2019-09-23,0.0
2019-09-24,0.0
2019-09-25,0.0
2019-09-26,0.0
2019-09-27,0.0
2019-09-28,0.0
2019-09-29,0.0
2019-09-30,0.0
2019-10-01,0.0
2019-10-02,0.0
2019-10-03,0.0
2019-10-04,0.0
2019-10-05,0.0
2019-10-06,0.0
2019-10-07,0.0
2019-10-08,0.0
2019-10-09,0.0
2019-10-10,0.0
2019-10-11,0.0
2019-10-12,0.0
2019-10-13,0.0
2019-10-14,0.0
2019-10-15,0.0
2019-10-16,0.0
2019-10-17,0.0
2019-10-18,0.0
2019-10-19,0.0
2019-10-20,0.0
2019-10-21,0.0
2019-10-22,0.0
2019-10-23,0.0
2019-10-24,0.0
2019-10-25,0.0
2019-10-26,0.0
2019-10-27,0.0
2019-10-28,0.0
2019-10-29,0.0
2019-10-30,0.0
2019-10-31,0.0
2019-11-01,0.0
2019-11-02,0.0
2019-11-03,0.0
2019-11-04,0.00015873015873015873
2019-11-05,0.00014925373134328358
2019-11-06,0.00015384615384615385
2019-11-07,0.00015873015873015873
2019-11-08,0.00044776119402985075
2019-11-09,0.015573770491803278
2019-11-10,0.021311475409836068
2019-11-11,0.025
2019-11-12,0.01870967741935484
2019-11-13,0.01
2019-11-14,0.0054687500000000005
2019-11-15,0.005
2019-11-16,0.00435483870967742
2019-11-17,0.003333333333333333
2019-11-18,0.0064062500000000005
2019-11-19,0.0015873015873015873
2019-11-20,0.00140625
2019-11-21,0.0012307692307692308
2019-11-22,0.001076923076923077
2019-11-23,0.000819672131147541
2019-11-24,0.0006557377049180328
2019-11-25,0.00030303030303030303
2019-11-26,0.00029850746268656717
2019-11-27,0.00791044776119403
2019-11-28,0.01676923076923077
2019-11-29,0.05032258064516129
2019-11-30,0.048688524590163935
2019-12-01,0.04793103448275862
2019-12-02,0.04238095238095238
2019-12-03,0.04096774193548387
2019-12-04,0.028307692307692308
2019-12-05,0.014242424242424242
2019-12-06,0.002537313432835821
2019-12-07,0.002295081967213115
2019-12-08,0.004333333333333333
2019-12-09,0.006984126984126984
2019-12-10,0.028125
2019-12-11,0.013076923076923076
2019-12-12,0.0019047619047619048
2019-12-13,0.0014285714285714286
2019-12-14,0.0044444444444444444
2019-12-15,0.0047619047619047615
2019-12-16,0.007313432835820895
2019-12-17,0.004090909090909091
2019-12-18,0.007575757575757576
2019-12-19,0.006825396825396826
2019-12-20,0.009838709677419354
2019-12-21,0.005573770491803279
2019-12-22,0.004912280701754386
2019-12-23,0.004032258064516129
2019-12-24,0.00423728813559322
2019-12-25,0.0075409836065573775
2019-12-26,0.011111111111111112
2019-12-27,0.011111111111111112
2019-12-28,0.011475409836065575
2019-12-29,0.010634920634920636
2019-12-30,0.0040625
2019-12-31,0.004193548387096774
2020-01-01,0.004098360655737705
2020-01-02,0.004098360655737705
2020-01-03,0.003709677419354839
2020-01-04,0.0038333333333333336
2020-01-05,0.0033333333333333335
2020-01-06,0.003650793650793651
2020-01-07,0.0028125
2020-01-08,0.0018461538461538461
2020-01-09,0.0016666666666666668
2020-01-10,0.001746031746031746
2020-01-11,0.0017741935483870969
2020-01-12,0.001639344262295082
2020-01-13,0.0013636363636363635
2020-01-14,0.00140625
2020-01-15,0.0013432835820895521
2020-01-16,0.0010606060606060607
2020-01-17,0.00078125
2020-01-18,0.0008474576271186442
2020-01-19,0.0006557377049180328
2020-01-20,0.0005970149253731343
2020-01-21,0.0005970149253731343
2020-01-22,0.00045454545454545455
2020-01-23,0.00044776119402985075
2020-01-24,0.0003076923076923077
2020-01-25,0.0003278688524590164
2020-01-26,0.0003225806451612903
2020-01-27,0.0
2020-01-28,0.0
2020-01-29,0.00196969696969697
2020-01-30,0.0016923076923076924
2020-01-31,0.006190476190476191
2020-02-01,0.0017741935483870969
2020-02-02,0.0004838709677419355
2020-02-03,0.00046875
2020-02-04,0.01
2020-02-05,0.019682539682539683
2020-02-06,0.005967741935483871
2020-02-07,0.00234375
2020-02-08,0.0008474576271186442
2020-02-09,0.0006557377049180328
2020-02-10,0.0
2020-02-11,0.0
2020-02-12,0.0
2020-02-13,0.0020634920634920637
2020-02-14,0.00046875
2020-02-15,0.000819672131147541
2020-02-16,0.0
2020-02-17,0.0
2020-02-18,0.0
2020-02-19,0.0
2020-02-20,0.0
2020-02-21,0.0004918032786885246
2020-02-22,0.0
2020-02-23,0.0
2020-02-24,0.0
2020-02-25,0.00421875
2020-02-26,0.030000000000000002
2020-02-27,0.029846153846153845
2020-02-28,0.03230769230769231
2020-02-29,0.030500000000000003
2020-03-01,0.026774193548387098
2020-03-02,0.01787878787878788
2020-03-03,0.009076923076923078
2020-03-04,0.015846153846153847
2020-03-05,0.016984126984126983
2020-03-06,0.01924242424242424
2020-03-07,0.014193548387096775
2020-03-08,0.014406779661016951
2020-03-09,0.004603174603174604
2020-03-10,0.0009836065573770492
2020-03-11,0.0006451612903225806
2020-03-12,0.0
2020-03-13,0.0005
2020-03-14,0.01203125
2020-03-15,0.0073437500000000005
2020-03-16,0.0004761904761904762
2020-03-17,0.0
2020-03-18,0.0
2020-03-19,0.0
2020-03-20,0.0
2020-03-21,0.00015384615384615385
2020-03-22,0.0030303030303030303
2020-03-23,0.0
2020-03-24,0.0
2020-03-25,0.0
2020-03-26,0.0
2020-03-27,0.0
2020-03-28,0.0
2020-03-29,0.0009230769230769231
2020-03-30,0.00015151515151515152
2020-03-31,0.0
2020-04-01,0.0
2020-04-02,0.0
2020-04-03,0.004029850746268657
2020-04-04,0.0
2020-04-05,0.0
2020-04-06,0.0
2020-04-07,0.0
2020-04-08,0.0
2020-04-09,0.0
2020-04-10,0.0
2020-04-11,0.0
2020-04-12,0.0
2020-04-13,0.0
2020-04-14,0.0
2020-04-15,0.0
2020-04-16,0.0
2020-04-17,0.0
2020-04-18,0.0
2020-04-19,0.0
2020-04-20,0.0
2020-04-21,0.0
2020-04-22,0.0
2020-04-23,0.0
2020-04-24,0.0
2020-04-25,0.0
2020-04-26,0.0
2020-04-27,0.0
2020-04-28,0.0038805970149253734
2020-04-29,0.0
2020-04-30,0.0
2020-05-01,0.0
2020-05-02,0.0
2020-05-03,0.0
2020-05-04,0.00045454545454545455
2020-05-05,0.0
2020-05-06,0.0
2020-05-07,0.0
2020-05-08,0.0
2020-05-09,0.0
2020-05-10,0.00031746031746031746
2020-05-11,0.0
2020-05-12,0.0
2020-05-13,0.0014925373134328358
2020-05-14,0.0
2020-05-15,0.0
2020-05-16,0.0
2020-05-17,0.0
2020-05-18,0.0
2020-05-19,0.0
2020-05-20,0.0
2020-05-21,0.0
2020-05-22,0.0
2020-05-23,0.0
2020-05-24,0.0
2020-05-25,0.0
2020-05-26,0.0
2020-05-27,0.0
2020-05-28,0.0
2020-05-29,0.0
2020-05-30,0.0
2020-05-31,0.0
2020-06-01,0.0
2020-06-02,0.0
2020-06-03,0.0
2020-06-04,0.0
2020-06-05,0.0
2020-06-06,0.0
2020-06-07,0.0
2020-06-08,0.0
2020-06-09,0.0
2020-06-10,0.0
2020-06-11,0.0
2020-06-12,0.0
2020-06-13,0.0
2020-06-14,0.0
2020-06-15,0.0
2020-06-16,0.0
2020-06-17,0.0
2020-06-18,0.0
2020-06-19,0.0
2020-06-20,0.0
2020-06-21,0.0
2020-06-22,0.0
2020-06-23,0.0
2020-06-24,0.0
2020-06-25,0.0
2020-06-26,0.0
2020-06-27,0.0
2020-06-28,0.0
2020-06-29,0.0
2020-06-30,0.0
2020-07-01,0.0
2020-07-02,0.0
2020-07-03,0.0
2020-07-04,0.0
2020-07-05,0.0
2020-07-06,0.0
2020-07-07,0.0
2020-07-08,0.0
2020-07-09,0.0
2020-07-10,0.0
2020-07-11,0.0
2020-07-12,0.0
2020-07-13,0.0
2020-07-14,0.0
2020-07-15,0.0
2020-07-16,0.0
2020-07-17,0.0
2020-07-18,0.0
2020-07-19,0.0
2020-07-20,0.0
2020-07-21,0.0
2020-07-22,0.0
2020-07-23,0.0
2020-07-24,0.0
2020-07-25,0.0
2020-07-26,0.0
2020-07-27,0.0
2020-07-28,0.0
2020-07-29,0.0
2020-07-30,0.0
2020-07-31,0.0
2020-08-01,0.0
2020-08-02,0.0
2020-08-03,0.0
2020-08-04,0.0
2020-08-05,0.0
2020-08-06,0.0
2020-08-07,0.0
2020-08-08,0.0
2020-08-09,0.0
2020-08-10,0.0
2020-08-11,0.0
2020-08-12,0.0
2020-08-13,0.0
2020-08-14,0.0
2020-08-15,0.0
2020-08-16,0.0
2020-08-17,0.0
2020-08-18,0.0
2020-08-19,0.0
2020-08-20,0.0
2020-08-21,0.0
2020-08-22,0.0
2020-08-23,0.0
2020-08-24,0.0
2020-08-25,0.0
2020-08-26,0.0
2020-08-27,0.0
2020-08-28,0.0
2020-08-29,0.0
2020-08-30,0.0
2020-08-31,0.0
2020-09-01,0.0
2020-09-02,0.0
2020-09-03,0.0
2020-09-04,0.0
2020-09-05,0.0
2020-09-06,0.0
2020-09-07,0.0
2020-09-08,0.0
2020-09-09,0.0
2020-09-10,0.0
2020-09-11,0.0
2020-09-12,0.0
2020-09-13,0.0
2020-09-14,0.0
2020-09-15,0.0
2020-09-16,0.0
2020-09-17,0.0
2020-09-18,0.0
2020-09-19,0.0
2020-09-20,0.0
2020-09-21,0.0
2020-09-22,0.0
2020-09-23,0.0
2020-09-24,0.0
2020-09-25,0.0
2020-09-26,0.0
2020-09-27,0.0
2020-09-28,0.0
2020-09-29,0.0
2020-09-30,0.0
2020-10-01,0.0
2020-10-02,0.0
2020-10-03,0.0
2020-10-04,0.0
2020-10-05,0.0
2020-10-06,0.0
2020-10-07,0.0
2020-10-08,0.0
2020-10-09,0.0
2020-10-10,0.0
2020-10-11,0.0
2020-10-12,0.0
2020-10-13,0.0
2020-10-14,0.0
2020-10-15,0.0
2020-10-16,0.0
2020-10-17,0.0
2020-10-18,0.0
2020-10-19,0.0
2020-10-20,0.0004225352112676056
2020-10-21,0.0007042253521126761
2020-10-22,0.0
2020-10-23,0.00041666666666666664
2020-10-24,0.0
2020-10-25,0.0
2020-10-26,0.0
2020-10-27,0.0
2020-10-28,0.0
2020-10-29,0.0
2020-10-30,0.0
2020-10-31,0.0
2020-11-01,0.0
2020-11-02,0.0
2020-11-03,0.0
2020-11-04,0.0
2020-11-05,0.0
2020-11-06,0.0
2020-11-07,0.0
2020-11-08,0.0
2020-11-09,0.0
2020-11-10,0.0
2020-11-11,0.0
2020-11-12,0.0
2020-11-13,0.0
2020-11-14,0.0
2020-11-15,0.0
2020-11-16,0.0
2020-11-17,0.0
2020-11-18,0.0
2020-11-19,0.0005633802816901409
2020-11-20,0.0009722222222222221
2020-11-21,0.004202898550724638
2020-11-22,0.0007246376811594203
2020-11-23,0.0007042253521126761
2020-11-24,0.0007142857142857143
2020-11-25,0.0
2020-11-26,0.0
2020-11-27,0.0
2020-11-28,0.00014492753623188405
2020-11-29,0.0002898550724637681
2020-11-30,0.0010294117647058824
2020-12-01,0.0036619718309859155
2020-12-02,0.001142857142857143
2020-12-03,0.0027142857142857142
2020-12-04,0.01788732394366197
2020-12-05,0.005909090909090909
2020-12-06,0.003384615384615385
2020-12-07,0.001
2020-12-08,0.0008333333333333333
2020-12-09,0.0011267605633802818
2020-12-10,0.0008450704225352112
2020-12-11,0.0017142857142857144
2020-12-12,0.004029850746268657
2020-12-13,0.0016417910447761193
2020-12-14,0.0012676056338028169
2020-12-15,0.004383561643835616
2020-12-16,0.0014084507042253522
2020-12-17,0.0014492753623188406
2020-12-18,0.0015942028985507246
2020-12-19,0.0013636363636363635
2020-12-20,0.0011940298507462687
2020-12-21,0.0005555555555555556
2020-12-22,0.00028571428571428574
2020-12-23,0.0
2020-12-24,0.0
2020-12-25,0.0006060606060606061
2020-12-26,0.004328358208955225
2020-12-27,0.00582089552238806
2020-12-28,0.006470588235294119
2020-12-29,0.0052173913043478265
2020-12-30,0.004264705882352941
2020-12-31,0.011194029850746268
2021-01-01,0.009076923076923076
2021-01-02,0.01123076923076923
2021-01-03,0.011846153846153847
2021-01-04,0.015915492957746476
2021-01-05,0.019444444444444445
2021-01-06,0.0173134328358209
2021-01-07,0.02739130434782609
2021-01-08,0.03784615384615385
2021-01-09,0.04079365079365079
2021-01-10,0.04777777777777778
2021-01-11,0.06338028169014084
2021-01-12,0.07916666666666666
2021-01-13,0.08638888888888889
2021-01-14,0.10361111111111111
2021-01-15,0.10652777777777778
2021-01-16,0.10234375
2021-01-17,0.09815384615384615
2021-01-18,0.09942857142857142
2021-01-19,0.0972463768115942
2021-01-20,0.08857142857142858
2021-01-21,0.07739130434782608
2021-01-22,0.056805555555555554
2021-01-23,0.04454545454545455
2021-01-24,0.04014925373134328
2021-01-25,0.04746478873239437
2021-01-26,0.05722222222222222
2021-01-27,0.05183098591549296
2021-01-28,0.07608695652173914
2021-01-29,0.11785714285714285
2021-01-30,0.11676923076923076
2021-01-31,0.11880597014925373
2021-02-01,0.1212676056338028
2021-02-02,0.13577464788732396
2021-02-03,0.15472222222222223
2021-02-04,0.15285714285714286
2021-02-05,0.14928571428571427
2021-02-06,0.15409090909090908
2021-02-07,0.15461538461538463
2021-02-08,0.15263888888888888
2021-02-09,0.1577142857142857
2021-02-10,0.1623943661971831
2021-02-11,0.16736111111111113
2021-02-12,0.16956521739130434
2021-02-13,0.16476923076923078
2021-02-14,0.15984615384615386
2021-02-15,0.15638888888888888
2021-02-16,0.14757142857142858
2021-02-17,0.14971428571428572
2021-02-18,0.15958333333333333
2021-02-19,0.14514285714285716
2021-02-20,0.11703125
2021-02-21,0.07014705882352942
2021-02-22,0.04888888888888889
2021-02-23,0.03589041095890411
2021-02-24,0.027297297297297296
2021-02-25,0.007600000000000001
2021-02-26,0.002972972972972973
2021-02-27,0.00273972602739726
2021-02-28,0.002567567567567568
2021-03-01,0.0023943661971830986
2021-03-02,0.005138888888888889
2021-03-03,0.0022535211267605635
2021-03-04,0.0022535211267605635
2021-03-05,0.0020833333333333333
2021-03-06,0.002318840579710145
2021-03-07,0.005223880597014925
2021-03-08,0.0030555555555555557
2021-03-09,0.004225352112676056
2021-03-10,0.007142857142857143
2021-03-11,0.01442857142857143
2021-03-12,0.04123287671232877
2021-03-13,0.01656716417910448
2021-03-14,0.015454545454545455
2021-03-15,0.011884057971014494
2021-03-16,0.007000000000000001
2021-03-17,0.005571428571428572
2021-03-18,0.004428571428571428
2021-03-19,0.008285714285714285
2021-03-20,0.003088235294117647
2021-03-21,0.0024637681159420293
2021-03-22,0.002361111111111111
2021-03-23,0.002361111111111111
2021-03-24,0.0044444444444444444
2021-03-25,0.0019444444444444446
2021-03-26,0.0018055555555555557
2021-03-27,0.0014705882352941176
2021-03-28,0.0023188405797101444
2021-03-29,0.0017808219178082193
2021-03-30,0.00041666666666666664
2021-03-31,0.0
2021-04-01,0.0
2021-04-02,0.0
2021-04-03,0.0
2021-04-04,0.0
2021-04-05,0.009863013698630137
2021-04-06,0.002567567567567568
2021-04-07,0.002027027027027027
2021-04-08,0.000273972602739726
2021-04-09,0.0006849315068493151
2021-04-10,0.0002777777777777778
2021-04-11,0.0
2021-04-12,0.020416666666666666
2021-04-13,0.00863013698630137
2021-04-14,0.001081081081081081
2021-04-15,0.0
2021-04-16,0.0
2021-04-17,0.0
2021-04-18,0.0
2021-04-19,0.0
2021-04-20,0.0
2021-04-21,0.0
2021-04-22,0.011780821917808219
2021-04-23,0.0022972972972972973
2021-04-24,0.0
2021-04-25,0.0
2021-04-26,0.0
2021-04-27,0.0
2021-04-28,0.0
2021-04-29,0.0
2021-04-30,0.0
2021-05-01,0.0
2021-05-02,0.0
2021-05-03,0.0
2021-05-04,0.0
2021-05-05,0.000547945205479452
2021-05-06,0.00041666666666666664
2021-05-07,0.0
2021-05-08,0.0
2021-05-09,0.0
2021-05-10,0.0
2021-05-11,0.0
2021-05-12,0.0
2021-05-13,0.0
2021-05-14,0.0
2021-05-15,0.0
2021-05-16,0.0
2021-05-17,0.0
2021-05-18,0.0
2021-05-19,0.0
2021-05-20,0.0
2021-05-21,0.0
2021-05-22,0.0
2021-05-23,0.0
2021-05-24,0.0
2021-05-25,0.0
2021-05-26,0.0
2021-05-27,0.0
2021-05-28,0.0
2021-05-29,0.0
2021-05-30,0.0
2021-05-31,0.0
2021-06-01,0.0
2021-06-02,0.0
2021-06-03,0.0
2021-06-04,0.0
2021-06-05,0.0
2021-06-06,0.0
2021-06-07,0.0
2021-06-08,0.0
2021-06-09,0.0
2021-06-10,0.0
2021-06-11,0.0
2021-06-12,0.0
2021-06-13,0.0
2021-06-14,0.0
2021-06-15,0.0
2021-06-16,0.0
2021-06-17,0.0
2021-06-18,0.0
2021-06-19,0.0
2021-06-20,0.0
2021-06-21,0.0
2021-06-22,0.0
2021-06-23,0.0
2021-06-24,0.0
2021-06-25,0.0
2021-06-26,0.0
2021-06-27,0.0
2021-06-28,0.0
2021-06-29,0.0
2021-06-30,0.0
2021-07-01,0.0
2021-07-02,0.0
2021-07-03,0.0
2021-07-04,0.0
2021-07-05,0.0
2021-07-06,0.0
2021-07-07,0.0
2021-07-08,0.0
2021-07-09,0.0
2021-07-10,0.0
2021-07-11,0.0
2021-07-12,0.0
2021-07-13,0.0
2021-07-14,0.0
2021-07-15,0.0
2021-07-16,0.0
2021-07-17,0.0
2021-07-18,0.0
2021-07-19,0.0
2021-07-20,0.0
2021-07-21,0.0
2021-07-22,0.0
2021-07-23,0.0
2021-07-24,0.0
2021-07-25,0.0
2021-07-26,0.0
2021-07-27,0.0
2021-07-28,0.0
2021-07-29,0.0
2021-07-30,0.0
2021-07-31,0.0
2021-08-01,0.0
2021-08-02,0.0
2021-08-03,0.0
2021-08-04,0.0
2021-08-05,0.0
2021-08-06,0.0
2021-08-07,0.0
2021-08-08,0.0
2021-08-09,0.0
2021-08-10,0.0
2021-08-11,0.0
2021-08-12,0.0
2021-08-13,0.0
2021-08-14,0.0
2021-08-15,0.0
2021-08-16,0.0
2021-08-17,0.0
2021-08-18,0.0
2021-08-19,0.0
2021-08-20,0.0
2021-08-21,0.0
2021-08-22,0.0
2021-08-23,0.0
2021-08-24,0.0
2021-08-25,0.0
2021-08-26,0.0
2021-08-27,0.0
2021-08-28,0.0
2021-08-29,0.0
2021-08-30,0.0
2021-08-31,0.0
2021-09-01,0.0
2021-09-02,0.0
2021-09-03,0.0
2021-09-04,0.0
2021-09-05,0.0
2021-09-06,0.0
2021-09-07,0.0
2021-09-08,0.0
2021-09-09,0.0
2021-09-10,0.0
2021-09-11,0.0
2021-09-12,0.0
2021-09-13,0.0
2021-09-14,0.0
2021-09-15,0.0
2021-09-16,0.0
2021-09-17,0.0
2021-09-18,0.0
2021-09-19,0.0
2021-09-20,0.0
2021-09-21,0.0
2021-09-22,0.0
2021-09-23,0.0
2021-09-24,0.0
2021-09-25,0.0
2021-09-26,0.0
2021-09-27,0.0
2021-09-28,0.0
2021-09-29,0.0
2021-09-30,0.0
2021-10-01,0.0
2021-10-02,0.0
2021-10-03,0.0
2021-10-04,0.0
2021-10-05,0.0
2021-10-06,0.0
2021-10-07,0.0
2021-10-08,0.0
2021-10-09,0.0
2021-10-10,0.0
2021-10-11,0.0
2021-10-12,0.0
2021-10-13,0.0
2021-10-14,0.0
2021-10-15,0.0
2021-10-16,0.0
2021-10-17,0.0
2021-10-18,0.0
2021-10-19,0.0002702702702702703
2021-10-20,0.0
2021-10-21,0.0
2021-10-22,0.0
2021-10-23,0.0
2021-10-24,0.0
2021-10-25,0.0
2021-10-26,0.0
2021-10-27,0.0
2021-10-28,0.0
2021-10-29,0.0
2021-10-30,0.0
2021-10-31,0.0
2021-11-01,0.0
2021-11-02,0.0
2021-11-03,0.0
2021-11-04,0.0
2021-11-05,0.0
2021-11-06,0.0
2021-11-07,0.00014705882352941178
2021-11-08,0.0002666666666666667
2021-11-09,0.002465753424657534
2021-11-10,0.00041095890410958907
2021-11-11,0.000273972602739726
2021-11-12,0.000136986301369863
2021-11-13,0.00014705882352941178
2021-11-14,0.0
2021-11-15,0.00013513513513513514
2021-11-16,0.0
2021-11-17,0.0
2021-11-18,0.0
2021-11-19,0.0002702702702702703
2021-11-20,0.00014084507042253522
2021-11-21,0.00014084507042253522
2021-11-22,0.0004054054054054054
2021-11-23,0.0005405405405405405
2021-11-24,0.0002702702702702703
2021-11-25,0.00013513513513513514
2021-11-26,0.0043055555555555555
2021-11-27,0.008181818181818182
2021-11-28,0.01818181818181818
2021-11-29,0.016619718309859158
2021-11-30,0.018611111111111113
2021-12-01,0.020555555555555556
2021-12-02,0.050138888888888886
2021-12-03,0.05514285714285714
2021-12-04,0.06412698412698413
2021-12-05,0.06046153846153846
2021-12-06,0.05671428571428571
2021-12-07,0.05557142857142857
2021-12-08,0.05764705882352941
2021-12-09,0.05385714285714286
2021-12-10,0.07567164179104478
2021-12-11,0.09078125000000001
2021-12-12,0.08484375
2021-12-13,0.07714285714285715
2021-12-14,0.042054794520547945
2021-12-15,0.02
2021-12-16,0.008266666666666667
2021-12-17,0.007066666666666667
2021-12-18,0.005797101449275362
2021-12-19,0.00391304347826087
2021-12-20,0.00547945205479452
2021-12-21,0.007083333333333334
2021-12-22,0.014
2021-12-23,0.01652173913043478
2021-12-24,0.03861538461538462
2021-12-25,0.03888888888888889
2021-12-26,0.03873015873015873
2021-12-27,0.037647058823529415
2021-12-28,0.03859375
2021-12-29,0.07671875
2021-12-30,0.06935483870967742
2021-12-31,0.018823529411764708
2022-01-01,0.016923076923076926
2022-01-02,0.036307692307692305
2022-01-03,0.02441176470588235
2022-01-04,0.015000000000000001
2022-01-05,0.02397058823529412
2022-01-06,0.03428571428571429
2022-01-07,0.03421875
2022-01-08,0.08129032258064516
2022-01-09,0.08777777777777779
2022-01-10,0.08657142857142858
2022-01-11,0.0811764705882353
2022-01-12,0.0782608695652174
2022-01-13,0.030434782608695653
2022-01-14,0.018260869565217393
2022-01-15,0.01707692307692308
2022-01-16,0.015303030303030303
2022-01-17,0.01442857142857143
2022-01-18,0.014571428571428572
2022-01-19,0.014084507042253521
2022-01-20,0.0372463768115942
2022-01-21,0.03402985074626866
2022-01-22,0.03125
2022-01-23,0.0296875
2022-01-24,0.021690140845070423
2022-01-25,0.013857142857142856
2022-01-26,0.013285714285714284
2022-01-27,0.013043478260869566
2022-01-28,0.018142857142857145
2022-01-29,0.015522388059701494
2022-01-30,0.019090909090909092
2022-01-31,0.020428571428571428
2022-02-01,0.019705882352941177
2022-02-02,0.038
2022-02-03,0.0391304347826087
2022-02-04,0.02436619718309859
2022-02-05,0.014179104477611941
2022-02-06,0.014179104477611941
2022-02-07,0.015416666666666669
2022-02-08,0.014722222222222223
2022-02-09,0.01821917808219178
2022-02-10,0.01684931506849315
2022-02-11,0.016575342465753425
2022-02-12,0.011470588235294116
2022-02-13,0.014558823529411765
2022-02-14,0.022361111111111113
2022-02-15,0.021369863013698632
2022-02-16,0.025915492957746485
2022-02-17,0.025492957746478875
2022-02-18,0.022083333333333333
2022-02-19,0.061969696969696966
2022-02-20,0.05890625
2022-02-21,0.07549295774647888
2022-02-22,0.13154929577464788
2022-02-23,0.1535211267605634
2022-02-24,0.08449275362318841
2022-02-25,0.06671428571428571
2022-02-26,0.0546875
2022-02-27,0.046875
2022-02-28,0.04043478260869565
2022-03-01,0.036521739130434785
2022-03-02,0.03217391304347826
2022-03-03,0.029852941176470586
2022-03-04,0.03470588235294118
2022-03-05,0.02907692307692308
2022-03-06,0.02846153846153846
2022-03-07,0.025277777777777777
2022-03-08,0.023424657534246576
2022-03-09,0.02164383561643836
2022-03-10,0.020845070422535212
2022-03-11,0.018767123287671234
2022-03-12,0.019701492537313434
2022-03-13,0.0191044776119403
2022-03-14,0.017123287671232876
2022-03-15,0.015342465753424659
2022-03-16,0.015416666666666669
2022-03-17,0.014109589041095891
2022-03-18,0.017397260273972603
2022-03-19,0.010588235294117647
2022-03-20,0.007941176470588236
2022-03-21,0.006301369863013699
2022-03-22,0.005616438356164383
2022-03-23,0.00547945205479452
2022-03-24,0.004722222222222222
2022-03-25,0.0044444444444444444
2022-03-26,0.004411764705882353
2022-03-27,0.004179104477611941
2022-03-28,0.0037500000000000003
2022-03-29,0.005138888888888889
2022-03-30,0.005416666666666667
2022-03-31,0.0038356164383561648
2022-04-01,0.005571428571428572
2022-04-02,0.005076923076923077
2022-04-03,0.004029850746268657
2022-04-04,0.004722222222222222
2022-04-05,0.02397058823529412
2022-04-06,0.011014492753623189
2022-04-07,0.017681159420289853
2022-04-08,0.06434782608695652
2022-04-09,0.0756923076923077
2022-04-10,0.049090909090909095
2022-04-11,0.028591549295774652
2022-04-12,0.016805555555555556
2022-04-13,0.011690140845070423
2022-04-14,0.009014084507042254
2022-04-15,0.006911764705882353
2022-04-16,0.004925373134328358
2022-04-17,0.0038805970149253734
2022-04-18,0.0022058823529411764
2022-04-19,0.0
2022-04-20,0.0
2022-04-21,0.0
2022-04-22,0.0
2022-04-23,0.0
2022-04-24,0.0
2022-04-25,0.0
2022-04-26,0.0
2022-04-27,0.0
2022-04-28,0.0
2022-04-29,0.0
2022-04-30,0.0
2022-05-01,0.0
2022-05-02,0.0
2022-05-03,0.0
2022-05-04,0.0
2022-05-05,0.0
2022-05-06,0.0
2022-05-07,0.0
2022-05-08,0.0
2022-05-09,0.0
2022-05-10,0.0
2022-05-11,0.0
2022-05-12,0.0
2022-05-13,0.0
2022-05-14,0.0
2022-05-15,0.0
2022-05-16,0.0
2022-05-17,0.0
2022-05-18,0.0
2022-05-19,0.0
2022-05-20,0.0
2022-05-21,0.0
2022-05-22,0.0
2022-05-23,0.0
2022-05-24,0.0
2022-05-25,0.0
2022-05-26,0.0
2022-05-27,0.0
2022-05-28,0.0
2022-05-29,0.0
2022-05-30,0.0
2022-05-31,0.0
2022-06-01,0.0
2022-06-02,0.0
2022-06-03,0.0
2022-06-04,0.0
2022-06-05,0.0
2022-06-06,0.0
2022-06-07,0.0
2022-06-08,0.0
2022-06-09,0.0
2022-06-10,0.0
2022-06-11,0.0
2022-06-12,0.0
2022-06-13,0.0
2022-06-14,0.0
2022-06-15,0.0
2022-06-16,0.0
2022-06-17,0.0
2022-06-18,0.0
2022-06-19,0.0
2022-06-20,0.0
2022-06-21,0.0
2022-06-22,0.0
2022-06-23,0.0
2022-06-24,0.0
2022-06-25,0.0
2022-06-26,0.0
2022-06-27,0.0
2022-06-28,0.0
2022-06-29,0.0
2022-06-30,0.0
2022-07-01,0.0
2022-07-02,0.0
2022-07-03,0.0
2022-07-04,0.0
2022-07-05,0.0
2022-07-06,0.0
2022-07-07,0.0
2022-07-08,0.0
2022-07-09,0.0
2022-07-10,0.0
2022-07-11,0.0
2022-07-12,0.0
2022-07-13,0.0
2022-07-14,0.0
2022-07-15,0.0
2022-07-16,0.0
2022-07-17,0.0
2022-07-18,0.0
2022-07-19,0.0
2022-07-20,0.0
2022-07-21,0.0
2022-07-22,0.0
2022-07-23,0.0
2022-07-24,0.0
2022-07-25,0.0
2022-07-26,0.0
2022-07-27,0.0
2022-07-28,0.0
2022-07-29,0.0
2022-07-30,0.0
2022-07-31,0.0
2022-08-01,0.0
2022-08-02,0.0
2022-08-03,0.0
2022-08-04,0.0
2022-08-05,0.0
2022-08-06,0.0
2022-08-07,0.0
2022-08-08,0.0
2022-08-09,0.0
2022-08-10,0.0
2022-08-11,0.0
2022-08-12,0.0
2022-08-13,0.0
2022-08-14,0.0
2022-08-15,0.0
2022-08-16,0.0
2022-08-17,0.0
2022-08-18,0.0
2022-08-19,0.0
2022-08-20,0.0
2022-08-21,0.0
2022-08-22,0.0
2022-08-23,0.0
2022-08-24,0.0
2022-08-25,0.0
2022-08-26,0.0
2022-08-27,0.0
2022-08-28,0.0
2022-08-29,0.0
2022-08-30,0.0
2022-08-31,0.0
2022-09-01,0.0
2022-09-02,0.0
2022-09-03,0.0
2022-09-04,0.0
2022-09-05,0.0
2022-09-06,0.0
2022-09-07,0.0
2022-09-08,0.0
2022-09-09,0.0
2022-09-10,0.0
2022-09-11,0.0
2022-09-12,0.0
2022-09-13,0.0
2022-09-14,0.0
2022-09-15,0.0
2022-09-16,0.0
2022-09-17,0.0
2022-09-18,0.0
2022-09-19,0.0
2022-09-20,0.0
2022-09-21,0.0
2022-09-22,0.0
2022-09-23,0.0
2022-09-24,0.0
2022-09-25,0.0
2022-09-26,0.0
2022-09-27,0.0
2022-09-28,0.0
2022-09-29,0.0
2022-09-30,0.0
2022-10-01,0.0
2022-10-02,0.0
2022-10-03,0.0
2022-10-04,0.0
2022-10-05,0.0
2022-10-06,0.0
2022-10-07,0.0
2022-10-08,0.0
2022-10-09,0.0
2022-10-10,0.0
2022-10-11,0.0
2022-10-12,0.0
2022-10-13,0.0
2022-10-14,0.0
2022-10-15,0.0
2022-10-16,0.0
2022-10-17,0.0
2022-10-18,0.0
2022-10-19,0.0
2022-10-20,0.0
2022-10-21,0.0
2022-10-22,0.0
2022-10-23,0.0
2022-10-24,0.0
2022-10-25,0.0
2022-10-26,0.0
2022-10-27,0.0
2022-10-28,0.0
2022-10-29,0.0
2022-10-30,0.0
2022-10-31,0.0
2022-11-01,0.0
2022-11-02,0.0
2022-11-03,0.0
2022-11-04,0.0
2022-11-05,0.0
2022-11-06,0.0
2022-11-07,0.0
2022-11-08,0.0
2022-11-09,0.0
2022-11-10,0.0
2022-11-11,0.0
2022-11-12,0.0
2022-11-13,0.0
2022-11-14,0.0
2022-11-15,0.0
2022-11-16,0.0
2022-11-17,0.00014492753623188405
2022-11-18,0.0004225352112676056
2022-11-19,0.008676470588235294
2022-11-20,0.03477611940298508
2022-11-21,0.09029411764705882
2022-11-22,0.11323529411764706
2022-11-23,0.06791044776119402
2022-11-24,0.04594202898550725
2022-11-25,0.027941176470588237
2022-11-26,0.019701492537313434
2022-11-27,0.013432835820895522
2022-11-28,0.008194444444444443
2022-11-29,0.0043661971830985915
2022-11-30,0.0039436619718309866
2022-12-01,0.00295774647887324
2022-12-02,0.0028169014084507044
2022-12-03,0.00417910447761194
2022-12-04,0.004615384615384615
2022-12-05,0.004929577464788733
2022-12-06,0.008840579710144927
2022-12-07,0.010571428571428572
2022-12-08,0.012352941176470587
2022-12-09,0.036086956521739134
2022-12-10,0.04587301587301588
2022-12-11,0.04904761904761905
2022-12-12,0.04768115942028985
2022-12-13,0.05405797101449275
2022-12-14,0.07072463768115941
2022-12-15,0.07779411764705882
2022-12-16,0.07651515151515151
2022-12-17,0.07904761904761906
2022-12-18,0.07
2022-12-19,0.04058823529411765
2022-12-20,0.03411764705882353
2022-12-21,0.012142857142857143
2022-12-22,0.005714285714285714
2022-12-23,0.026307692307692306
2022-12-24,0.026779661016949154
2022-12-25,0.02459016393442623
2022-12-26,0.021904761904761906
2022-12-27,0.02075757575757576
2022-12-28,0.02787878787878788
2022-12-29,0.02803030303030303
2022-12-30,0.014328358208955226
2022-12-31,0.012272727272727274
2023-01-01,0.009545454545454546
2023-01-02,0.013676470588235295
2023-01-03,0.021641791044776117
2023-01-04,0.023076923076923078
2023-01-05,0.096
2023-01-06,0.10016393442622952
2023-01-07,0.15048387096774193
2023-01-08,0.08548387096774193
2023-01-09,0.0453030303030303
2023-01-10,0.030289855072463765
2023-01-11,0.018823529411764708
2023-01-12,0.01
2023-01-13,0.005970149253731343
2023-01-14,0.00984375
2023-01-15,0.02203125
2023-01-16,0.013714285714285714
2023-01-17,0.014264705882352941
2023-01-18,0.022794117647058826
2023-01-19,0.022941176470588236
2023-01-20,0.03720588235294118
2023-01-21,0.035625000000000004
2023-01-22,0.03571428571428571
2023-01-23,0.03257142857142858
2023-01-24,0.030869565217391304
2023-01-25,0.014366197183098593
2023-01-26,0.011000000000000001
2023-01-27,0.008840579710144927
2023-01-28,0.009682539682539683
2023-01-29,0.011212121212121211
2023-01-30,0.009285714285714286
2023-01-31,0.008055555555555557
2023-02-01,0.01818181818181818
2023-02-02,0.01838235294117647
2023-02-03,0.02373134328358209
2023-02-04,0.030156250000000002
2023-02-05,0.032857142857142856
2023-02-06,0.046714285714285715
2023-02-07,0.035507246376811595
2023-02-08,0.010869565217391304
2023-02-09,0.0074285714285714285
2023-02-10,0.005857142857142858
2023-02-11,0.016176470588235296
2023-02-12,0.014782608695652174
2023-02-13,0.01380281690140845
2023-02-14,0.01056338028169014
2023-02-15,0.009722222222222222
2023-02-16,0.007887323943661973
2023-02-17,0.006478873239436619
2023-02-18,0.007462686567164179
2023-02-19,0.006716417910447761
2023-02-20,0.015797101449275364
2023-02-21,0.01757142857142857
2023-02-22,0.020142857142857146
2023-02-23,0.03264705882352942
2023-02-24,0.04072463768115942
2023-02-25,0.0503125
2023-02-26,0.047343750000000004
2023-02-27,0.03742857142857143
2023-02-28,0.025294117647058825
2023-03-01,0.01884057971014493
2023-03-02,0.013823529411764707
2023-03-03,0.012318840579710144
2023-03-04,0.010441176470588237
2023-03-05,0.010147058823529412
2023-03-06,0.013142857142857144
2023-03-07,0.01442857142857143
2023-03-08,0.09914285714285714
2023-03-09,0.10434782608695653
2023-03-10,0.14014705882352943
2023-03-11,0.12936507936507938
2023-03-12,0.1203125
2023-03-13,0.11573529411764706
2023-03-14,0.0395774647887324
2023-03-15,0.030833333333333338
2023-03-16,0.028169014084507043
2023-03-17,0.026428571428571426
2023-03-18,0.02626865671641791
2023-03-19,0.019701492537313434
2023-03-20,0.012857142857142857
2023-03-21,0.01028169014084507
2023-03-22,0.009714285714285713
2023-03-23,0.00591549295774648
2023-03-24,0.005652173913043478
2023-03-25,0.01287878787878788
2023-03-26,0.031194029850746274
2023-03-27,0.03811594202898551
2023-03-28,0.04661764705882353
2023-03-29,0.06455882352941177
2023-03-30,0.07636363636363637
2023-03-31,0.09181818181818183
2023-04-01,0.07828125
2023-04-02,0.05615384615384616
2023-04-03,0.03757142857142857
2023-04-04,0.028260869565217395
2023-04-05,0.019402985074626865
2023-04-06,0.03071428571428571
2023-04-07,0.015
2023-04-08,0.011538461538461539
2023-04-09,0.007076923076923077
2023-04-10,0.0048484848484848485
2023-04-11,0.004428571428571428
2023-04-12,0.004285714285714286
2023-04-13,0.0038571428571428576
2023-04-14,0.003142857142857143
2023-04-15,0.0026865671641791043
2023-04-16,0.0022727272727272726
2023-04-17,0.001388888888888889
2023-04-18,0.0007042253521126761
2023-04-19,0.0006944444444444445
2023-04-20,0.0
2023-04-21,0.0
2023-04-22,0.0
2023-04-23,0.0
2023-04-24,0.0
2023-04-25,0.0039436619718309866
2023-04-26,0.0069117647058823525
2023-04-27,0.003676470588235294
2023-04-28,0.0022058823529411764
2023-04-29,0.0015384615384615385
2023-04-30,0.0010606060606060607
2023-05-01,0.0007352941176470588
2023-05-02,0.0007142857142857143
2023-05-03,0.0
2023-05-04,0.0
2023-05-05,0.0
2023-05-06,0.0
2023-05-07,0.0
2023-05-08,0.0
2023-05-09,0.0
2023-05-10,0.0
2023-05-11,0.0
2023-05-12,0.0
2023-05-13,0.0
2023-05-14,0.0
2023-05-15,0.0
2023-05-16,0.0
2023-05-17,0.0
2023-05-18,0.0
2023-05-19,0.0
2023-05-20,0.0
2023-05-21,0.0
2023-05-22,0.0
2023-05-23,0.0
2023-05-24,0.0
2023-05-25,0.0
2023-05-26,0.0
2023-05-27,0.0
2023-05-28,0.0
2023-05-29,0.0
2023-05-30,0.0
2023-05-31,0.0
2023-06-01,0.0
2023-06-02,0.0
2023-06-03,0.0
2023-06-04,0.0
2023-06-05,0.0
2023-06-06,0.0
2023-06-07,0.0
2023-06-08,0.0
2023-06-09,0.0
2023-06-10,0.0
2023-06-11,0.0
2023-06-12,0.0
2023-06-13,0.0
2023-06-14,0.0
2023-06-15,0.0
2023-06-16,0.0
2023-06-17,0.0
2023-06-18,0.0
2023-06-19,0.0
2023-06-20,0.0
2023-06-21,0.0
2023-06-22,0.0
2023-06-23,0.0
2023-06-24,0.0
2023-06-25,0.0
2023-06-26,0.0
2023-06-27,0.0
2023-06-28,0.0
2023-06-29,0.0
2023-06-30,0.0
2023-07-01,0.0
2023-07-02,0.0
2023-07-03,0.0
2023-07-04,0.0
2023-07-05,0.0
2023-07-06,0.0
2023-07-07,0.0
2023-07-08,0.0
2023-07-09,0.0
2023-07-10,0.0
2023-07-11,0.0
2023-07-12,0.0
2023-07-13,0.0
2023-07-14,0.0
2023-07-15,0.0
2023-07-16,0.0
2023-07-17,0.0
2023-07-18,0.0
2023-07-19,0.0
2023-07-20,0.0
2023-07-21,0.0
2023-07-22,0.0
2023-07-23,0.0
2023-07-24,0.0
2023-07-25,0.0
2023-07-26,0.0
2023-07-27,0.0
2023-07-28,0.0
2023-07-29,0.0
2023-07-30,0.0
2023-07-31,0.0
2023-08-01,0.0
2023-08-02,0.0
2023-08-03,0.0
2023-08-04,0.0
2023-08-05,0.0
2023-08-06,0.0
2023-08-07,0.0
2023-08-08,0.0
2023-08-09,0.0
2023-08-10,0.0
2023-08-11,0.0
2023-08-12,0.0
2023-08-13,0.0
2023-08-14,0.0
2023-08-15,0.0
2023-08-16,0.0
2023-08-17,0.0
2023-08-18,0.0
2023-08-19,0.0
2023-08-20,0.0
2023-08-21,0.0
2023-08-22,0.0
2023-08-23,0.0
2023-08-24,0.0
2023-08-25,0.0
2023-08-26,0.0
2023-08-27,0.0
2023-08-28,0.0
2023-08-29,0.0
2023-08-30,0.0
2023-08-31,0.0
2023-09-01,0.0
2023-09-02,0.0
2023-09-03,0.0
2023-09-04,0.0
2023-09-05,0.0
2023-09-06,0.0
2023-09-07,0.0
2023-09-08,0.0
2023-09-09,0.0
2023-09-10,0.0
2023-09-11,0.0
2023-09-12,0.0
2023-09-13,0.0
2023-09-14,0.0
2023-09-15,0.0
2023-09-16,0.0
2023-09-17,0.0
2023-09-18,0.0
2023-09-19,0.0
2023-09-20,0.0
2023-09-21,0.0
2023-09-22,0.0
2023-09-23,0.0
2023-09-24,0.0
2023-09-25,0.0
2023-09-26,0.0
2023-09-27,0.0
2023-09-28,0.0
2023-09-29,0.0
2023-09-30,0.0
2023-10-01,0.0
2023-10-02,0.0
2023-10-03,0.0
2023-10-04,0.0
2023-10-05,0.0
2023-10-06,0.0
2023-10-07,0.0
2023-10-08,0.0
2023-10-09,0.0
2023-10-10,0.0
2023-10-11,0.0
2023-10-12,0.0
2023-10-13,0.0
2023-10-14,0.0
2023-10-15,0.0
2023-10-16,0.0
2023-10-17,0.0
2023-10-18,0.0
2023-10-19,0.0
2023-10-20,0.0008450704225352112
2023-10-21,0.0
2023-10-22,0.0
2023-10-23,0.0
2023-10-24,0.0
2023-10-25,0.0
2023-10-26,0.0
2023-10-27,0.0
2023-10-28,0.0
2023-10-29,0.0
2023-10-30,0.002028985507246377
2023-10-31,0.033768115942028984
2023-11-01,0.030735294117647055
2023-11-02,0.025074626865671645
2023-11-03,0.014477611940298509
2023-11-04,0.005
2023-11-05,0.0029032258064516127
2023-11-06,0.0016417910447761195
2023-11-07,0.0007352941176470588
2023-11-08,0.0005882352941176471
2023-11-09,0.00044117647058823526
2023-11-10,0.00029850746268656717
2023-11-11,0.000625
2023-11-12,0.0009375
2023-11-13,0.0011594202898550724
2023-11-14,0.002608695652173913
2023-11-15,0.0033333333333333335
2023-11-16,0.003043478260869565
2023-11-17,0.003970588235294118
2023-11-18,0.0034375
2023-11-19,0.0034375
2023-11-20,0.004705882352941177
2023-11-21,0.006268656716417911
2023-11-22,0.006521739130434783
2023-11-23,0.004477611940298508
2023-11-24,0.003970588235294118
2023-11-25,0.013846153846153847
2023-11-26,0.016
2023-11-27,0.021911764705882353
2023-11-28,0.03848484848484848
2023-11-29,0.09537313432835821
2023-11-30,0.10343283582089552
2023-12-01,0.11530303030303031
2023-12-02,0.1175
2023-12-03,0.11557377049180327
2023-12-04,0.11378787878787879
2023-12-05,0.11107692307692309
2023-12-06,0.10646153846153845
2023-12-07,0.11646153846153846
2023-12-08,0.14461538461538462
2023-12-09,0.14016393442622951
2023-12-10,0.1378688524590164
2023-12-11,0.13686567164179103
2023-12-12,0.14424242424242423
2023-12-13,0.14227272727272727
2023-12-14,0.13940298507462687
2023-12-15,0.13593750000000002
2023-12-16,0.10171875
2023-12-17,0.044062500000000004
2023-12-18,0.02656716417910448
2023-12-19,0.01720588235294118
2023-12-20,0.016666666666666666
2023-12-21,0.029242424242424243
2023-12-22,0.09890625
2023-12-23,0.12901639344262295
2023-12-24,0.1285
2023-12-25,0.13677966101694916
2023-12-26,0.13728813559322034
2023-12-27,0.12868852459016394
2023-12-28,0.1539344262295082
2023-12-29,0.12634920634920635
2023-12-30,0.12704918032786885
2023-12-31,0.12967741935483873
2024-01-01,0.14283333333333334
2024-01-02,0.153
2024-01-03,0.1640983606557377
2024-01-04,0.16564516129032258
2024-01-05,0.1707936507936508
2024-01-06,0.17241935483870968
2024-01-07,0.1677049180327869
2024-01-08,0.1607936507936508
2024-01-09,0.15415384615384614
2024-01-10,0.1503125
2024-01-11,0.14241935483870968
2024-01-12,0.1349206349206349
2024-01-13,0.13466666666666666
2024-01-14,0.13435483870967743
2024-01-15,0.19393939393939394
2024-01-16,0.20609375
2024-01-17,0.2177777777777778
2024-01-18,0.2591935483870968
2024-01-19,0.2514516129032258
2024-01-20,0.25766666666666665
2024-01-21,0.25459016393442624
2024-01-22,0.21081967213114752
2024-01-23,0.11793650793650794
2024-01-24,0.10661538461538461
2024-01-25,0.09522388059701492
2024-01-26,0.0926865671641791
2024-01-27,0.11451612903225808
2024-01-28,0.09725806451612903
2024-01-29,0.07907692307692307
2024-01-30,0.07061538461538461
2024-01-31,0.06606060606060607
2024-02-01,0.06426470588235295
2024-02-02,0.05545454545454546
2024-02-03,0.06048387096774194
2024-02-04,0.058196721311475415
2024-02-05,0.05507692307692308
2024-02-06,0.05555555555555555
2024-02-07,0.12983870967741937
2024-02-08,0.12888888888888891
2024-02-09,0.12369230769230771
2024-02-10,0.12316666666666666
2024-02-11,0.11949152542372882
2024-02-12,0.115
2024-02-13,0.17142857142857143
2024-02-14,0.178
2024-02-15,0.14890625
2024-02-16,0.11153846153846154
2024-02-17,0.0860655737704918
2024-02-18,0.08311475409836067
2024-02-19,0.08121212121212122
2024-02-20,0.07815384615384616
2024-02-21,0.07484375
2024-02-22,0.06984375
2024-02-23,0.05984615384615385
2024-02-24,0.052950819672131146
2024-02-25,0.049999999999999996
2024-02-26,0.045384615384615384
2024-02-27,0.04597014925373134
2024-02-28,0.04492537313432836
2024-02-29,0.04194029850746269
2024-03-01,0.03611940298507463
2024-03-02,0.03375
2024-03-03,0.030793650793650793
2024-03-04,0.027014925373134328
2024-03-05,0.02507462686567164
2024-03-06,0.024776119402985075
2024-03-07,0.024477611940298506
2024-03-08,0.023484848484848483
2024-03-09,0.024920634920634923
2024-03-10,0.02507936507936508
2024-03-11,0.023484848484848487
2024-03-12,0.022575757575757575
2024-03-13,0.02090909090909091
2024-03-14,0.0196969696969697
2024-03-15,0.014307692307692306
2024-03-16,0.01634920634920635
2024-03-17,0.0375
2024-03-18,0.032615384615384616
2024-03-19,0.028307692307692308
2024-03-20,0.024923076923076926
2024-03-21,0.02
2024-03-22,0.014696969696969696
2024-03-23,0.01253968253968254
2024-03-24,0.012153846153846154
2024-03-25,0.012985074626865671
2024-03-26,0.014477611940298509
2024-03-27,0.012352941176470587
2024-03-28,0.010294117647058825
2024-03-29,0.006615384615384615
2024-03-30,0.005846153846153846
2024-03-31,0.004923076923076923
2024-04-01,0.003484848484848485
2024-04-02,0.011875
2024-04-03,0.09999999999999999
2024-04-04,0.07476190476190477
2024-04-05,0.08809523809523809
2024-04-06,0.04406779661016949
2024-04-07,0.008870967741935484
2024-04-08,0.0023880597014925373
2024-04-09,0.001791044776119403
2024-04-10,0.0
2024-04-11,0.0
2024-04-12,0.0
2024-04-13,0.0
2024-04-14,0.0
2024-04-15,0.0
2024-04-16,0.0
2024-04-17,0.0
2024-04-18,0.002835820895522388
2024-04-19,0.0022727272727272726
2024-04-20,0.0
2024-04-21,0.0
2024-04-22,0.0
2024-04-23,0.0
2024-04-24,0.0
2024-04-25,0.0
2024-04-26,0.00196969696969697
2024-04-27,0.0009090909090909092
2024-04-28,0.0
2024-04-29,0.0
2024-04-30,0.0
2024-05-01,0.0
2024-05-02,0.0
2024-05-03,0.0
2024-05-04,0.0
2024-05-05,0.0
2024-05-06,0.0
2024-05-07,0.0
2024-05-08,0.0
2024-05-09,0.0
2024-05-10,0.0
2024-05-11,0.0
2024-05-12,0.0
2024-05-13,0.0
2024-05-14,0.0
2024-05-15,0.0
2024-05-16,0.0
2024-05-17,0.0
2024-05-18,0.0
2024-05-19,0.0
2024-05-20,0.0
2024-05-21,0.0
2024-05-22,0.0
2024-05-23,0.0
2024-05-24,0.0
2024-05-25,0.0
2024-05-26,0.0
2024-05-27,0.0
2024-05-28,0.0
2024-05-29,0.0
2024-05-30,0.0
2024-05-31,0.0
2024-06-01,0.0
2024-06-02,0.0
2024-06-03,0.0
2024-06-04,0.0
2024-06-05,0.0
2024-06-06,0.0
2024-06-07,0.0
2024-06-08,0.0
2024-06-09,0.0
2024-06-10,0.0
2024-06-11,0.0
2024-06-12,0.0
2024-06-13,0.0
2024-06-14,0.0
2024-06-15,0.0
2024-06-16,0.0
2024-06-17,0.0
2024-06-18,0.0
2024-06-19,0.0
2024-06-20,0.0
2024-06-21,0.0
2024-06-22,0.0
2024-06-23,0.0
2024-06-24,0.0
2024-06-25,0.0
2024-06-26,0.0
2024-06-27,0.0
2024-06-28,0.0
2024-06-29,0.0
2024-06-30,0.0
2024-07-01,0.0
2024-07-02,0.0
2024-07-03,0.0
2024-07-04,0.0
2024-07-05,0.0
2024-07-06,0.0
2024-07-07,0.0
2024-07-08,0.0
2024-07-09,0.0
2024-07-10,0.0
2024-07-11,0.0
2024-07-12,0.0
2024-07-13,0.0
2024-07-14,0.0
2024-07-15,0.0
2024-07-16,0.0
2024-07-17,0.0
2024-07-18,0.0
2024-07-19,0.0
2024-07-20,0.0
2024-07-21,0.0
2024-07-22,0.0
2024-07-23,0.0
2024-07-24,0.0
2024-07-25,0.0
2024-07-26,0.0
2024-07-27,0.0
2024-07-28,0.0
2024-07-29,0.0
2024-07-30,0.0
2024-07-31,0.0
2024-08-01,0.0
2024-08-02,0.0
2024-08-03,0.0
2024-08-04,0.0
2024-08-05,0.0
2024-08-06,0.0
2024-08-07,0.0
2024-08-08,0.0
2024-08-09,0.0
2024-08-10,0.0
2024-08-11,0.0
2024-08-12,0.0
2024-08-13,0.0
2024-08-14,0.0
2024-08-15,0.0
2024-08-16,0.0
2024-08-17,0.0
2024-08-18,0.0
2024-08-19,0.0
2024-08-20,0.0
2024-08-21,0.0
2024-08-22,0.0
2024-08-23,0.0
2024-08-24,0.0
2024-08-25,0.0
2024-08-26,0.0
2024-08-27,0.0
2024-08-28,0.0
2024-08-29,0.0
2024-08-30,0.0
2024-08-31,0.0
2024-09-01,0.0
2024-09-02,0.0
2024-09-03,0.0
2024-09-04,0.0
2024-09-05,0.0
2024-09-06,0.0
2024-09-07,0.0
2024-09-08,0.0
2024-09-09,0.0
2024-09-10,0.0
2024-09-11,0.0
2024-09-12,0.0
2024-09-13,0.0
2024-09-14,0.0
2024-09-15,0.0
2024-09-16,0.0
2024-09-17,0.0
2024-09-18,0.0
2024-09-19,0.0
2024-09-20,0.0
2024-09-21,0.0
2024-09-22,0.0
2024-09-23,0.0
2024-09-24,0.0
2024-09-25,0.0
2024-09-26,0.0
2024-09-27,0.0
2024-09-28,0.0
2024-09-29,0.0
2024-09-30,0.0
2024-10-01,0.0
2024-10-02,0.0
2024-10-03,0.0
2024-10-04,0.0
2024-10-05,0.0
2024-10-06,0.0
2024-10-07,0.0
2024-10-08,0.0
2024-10-09,0.0
2024-10-10,0.0
2024-10-11,0.0
2024-10-12,0.0
2024-10-13,0.0
2024-10-14,0.0
2024-10-15,0.0
2024-10-16,0.0
2024-10-17,0.0
2024-10-18,0.0
2024-10-19,0.0
2024-10-20,0.0
2024-10-21,0.0
2024-10-22,0.0
2024-10-23,0.0
2024-10-24,0.0
2024-10-25,0.0
2024-10-26,0.0
2024-10-27,0.0
2024-10-28,0.0
2024-10-29,0.0
2024-10-30,0.0
2024-10-31,0.0
2024-11-01,0.0
2024-11-02,0.0
2024-11-03,0.0
2024-11-04,0.0
2024-11-05,0.0
2024-11-06,0.0
2024-11-07,0.0
2024-11-08,0.0
2024-11-09,0.0
2024-11-10,0.0
2024-11-11,0.00014925373134328358
2024-11-12,0.0
2024-11-13,0.0
2024-11-14,0.0
2024-11-15,0.0
2024-11-16,0.0
2024-11-17,0.0
2024-11-18,0.0
2024-11-19,0.0
2024-11-20,0.002272727272727273
2024-11-21,0.026865671641791045
2024-11-22,0.02911764705882353
2024-11-23,0.02625
2024-11-24,0.02203125
2024-11-25,0.003188405797101449
2024-11-26,0.0
2024-11-27,0.0
2024-11-28,0.0
2024-11-29,0.00014705882352941178
2024-11-30,0.00045454545454545455
2024-12-01,0.0
