﻿Stationsnamn;Stationsnummer;Stationsnät;Mäthöjd (meter över marken)
Hulan;72500;SMHIs stationsnät;2.0

Parameternamn;Beskrivning;Enhet
Lufttemperatur;medelvärde 1 dygn, 1 gång/dygn, kl 00;celsius

Tidsperiod (fr.o.m);Tidsperiod (t.o.m);Höjd (meter över havet);Latitud (decimalgrader);Longitud (decimalgrader)
1922-09-01 00:00:00;1922-10-31 23:59:59;20.0;57.7556;12.2417

Från Datum Tid (UTC);Till Datum Tid (UTC);Representativt dygn;Lufttemperatur;Kvalitet;;Tidsutsnitt:
;;;;;;Kvalitetskontrollerade historiska data (utom de senaste 3 mån)
;;;;;;Tidsperiod (fr.o.m.) = 1922-09-01 00:00:00 (UTC)
;;;;;;Tidsperiod (t.o.m.) = 1922-10-31 23:59:59 (UTC)
;;;;;;Medelvärdet är beräknat för = 24 timmar
;;;;;;
;;;;;;Kvalitetskoderna:
;;;;;;Grön (G) = Kontrollerade och godkända värden.
;;;;;;Gul (Y) = Misstänkta eller aggregerade värden. Grovt kontrollerade arkivdata och okontrollerade realtidsdata (senaste 2 tim).
;;;;;;
;;;;;;Nätinformation:
;;;;;;SMHIs Stationsnät: Data samlas in och lagras i SMHIs databaser. Data kvalitetskontrolleras vilket innebär att felaktiga data korrigeras och att databortfall kompletteras utifrån expertbedömning där det är möjligt. De flesta stationerna övervakas, inspekteras och underhålls löpande av SMHI.
;;;;;;Övriga stationer: Data samlas in och lagras i SMHIs databaser. Datakvaliteten är för SMHI okänd då SMHI varken utför kvalitetskontroll på data eller inspektioner på stationerna.
;;;;;;
;;;;;;Möjliga orsaker till saknade data:
;;;;;;– stationen eller givaren har varit ur funktion.
;;;;;;– stationen har endast levererat värden med kvalitetskod Röd (R). Dessa levereras ej.
